Country Name,Country Code,Indicator Name,Indicator Code,1960,1961,1962,1963,1964,1965,1966,1967,1968,1969,1970,1971,1972,1973,1974,1975,1976,1977,1978,1979,1980,1981,1982,1983,1984,1985,1986,1987,1988,1989,1990,1991,1992,1993,1994,1995,1996,1997,1998,1999,2000,2001,2002,2003,2004,2005,2006,2007,2008,2009,2010,2011,2012,2013,2014,2015,2016,2017,2018,2019,2020,2021,2022
Aruba,ABW,Control of Corruption: Percentile Rank,CC.PER.RNK,,,,,,,,,,,,,,,,,,,,,,,,,,,,,,,,,,,,,,,,,,,,,85.22167206,88.29268646,88.29268646,88.34951782,87.37863922,83.25358582,83.33333588,82.93838501,82.46445465,82.46445465,81.7307663,88.09523773,88.57142639,87.61904907,87.14286041,83.80952454,85.23809814,78.57142639,77.83018494
Africa Eastern and Southern,AFE,Control of Corruption: Percentile Rank,CC.PER.RNK,,,,,,,,,,,,,,,,,,,,,,,,,,,,,,,,,,,,,,,,,,,,,,,,,,,,,,,,,,,,,,,
Afghanistan,AFG,Control of Corruption: Percentile Rank,CC.PER.RNK,,,,,,,,,,,,,,,,,,,,,,,,,,,,,,,,,,,,,4.301075459,,8.021389961,,4.787233829,,4.761904716,4.761904716,6.403940678,1.463414669,1.951219559,0.970873773,0.485436887,0.95693779,0.952380955,0.473933637,1.421800971,0.947867274,5.288461685,5.714285851,3.809523821,3.809523821,4.761904716,5.714285851,4.761904716,12.38095284,12.26415062
Africa Western and Central,AFW,Control of Corruption: Percentile Rank,CC.PER.RNK,,,,,,,,,,,,,,,,,,,,,,,,,,,,,,,,,,,,,,,,,,,,,,,,,,,,,,,,,,,,,,,
Angola,AGO,Control of Corruption: Percentile Rank,CC.PER.RNK,,,,,,,,,,,,,,,,,,,,,,,,,,,,,,,,,,,,,9.677419662,,7.486630917,,8.510638237,,7.936507702,5.291005135,5.911330223,6.341463566,7.804878235,5.339805603,4.368932247,2.87081337,3.809523821,3.317535639,4.739336491,4.739336491,3.846153736,4.285714149,4.761904716,5.714285851,10.95238113,13.80952358,18.5714283,29.04761887,30.6603775
Albania,ALB,Control of Corruption: Percentile Rank,CC.PER.RNK,,,,,,,,,,,,,,,,,,,,,,,,,,,,,,,,,,,,,19.35483932,,18.18181801,,23.93617058,,24.33862495,22.7513237,27.58620644,22.92682838,22.92682838,28.64077759,33.98058319,34.92823029,37.1428566,24.64455032,25.11848259,24.17061615,34.13461685,36.19047546,37.61904907,40.47618866,33.33333206,32.38095093,31.4285717,31.90476227,38.679245
Andorra,AND,Control of Corruption: Percentile Rank,CC.PER.RNK,,,,,,,,,,,,,,,,,,,,,,,,,,,,,,,,,,,,,87.09677124,,89.30480957,,88.29787445,,87.83068848,88.35978699,84.2364502,88.29268646,88.29268646,88.34951782,87.37863922,87.55980682,88.09523773,87.20378876,87.20378876,86.7298584,87.0192337,85.7142868,87.14286041,86.19047546,86.19047546,87.14286041,88.57142639,88.57142639,88.679245
Arab World,ARB,Control of Corruption: Percentile Rank,CC.PER.RNK,,,,,,,,,,,,,,,,,,,,,,,,,,,,,,,,,,,,,,,,,,,,,,,,,,,,,,,,,,,,,,,
United Arab Emirates,ARE,Control of Corruption: Percentile Rank,CC.PER.RNK,,,,,,,,,,,,,,,,,,,,,,,,,,,,,,,,,,,,,57.52688217,,55.61497498,,59.57446671,,83.06878662,76.19047546,83.74384308,80.48780823,78.04878235,80.09708405,82.03883362,78.46890259,78.57142639,81.04265594,82.93838501,87.20378876,83.17308044,81.42857361,82.85713959,81.90476227,82.85713959,81.90476227,82.38095093,83.33333588,83.49056244
Argentina,ARG,Control of Corruption: Percentile Rank,CC.PER.RNK,,,,,,,,,,,,,,,,,,,,,,,,,,,,,,,,,,,,,53.76343918,,50.26737976,,52.12765884,,41.79894257,40.2116394,39.90147781,43.4146347,43.4146347,44.17475891,39.80582428,40.19138718,44.76190567,43.60189438,40.28435898,40.75829315,35.57692337,33.80952454,45.7142868,44.2857132,53.80952454,52.8571434,47.61904907,38.09523773,36.320755
Armenia,ARM,Control of Corruption: Percentile Rank,CC.PER.RNK,,,,,,,,,,,,,,,,,,,,,,,,,,,,,,,,,,,,,38.17204285,,21.92513275,,25,,28.04232788,31.74603081,28.5714283,29.75609779,29.75609779,26.21359253,28.15534019,30.14354134,27.61904716,27.48815155,33.175354,36.01895905,35.09615326,31.4285717,30.95238113,30,40,48.09523773,56.19047546,57.61904907,56.13207626
American Samoa,ASM,Control of Corruption: Percentile Rank,CC.PER.RNK,,,,,,,,,,,,,,,,,,,,,,,,,,,,,,,,,,,,,,,,,,,,,76.84729004,77.56097412,64.87805176,66.01941681,65.53398132,68.42105103,67.61904907,66.824646,65.87677765,65.87677765,87.0192337,85.7142868,87.14286041,93.80952454,93.33333588,94.2857132,88.57142639,88.57142639,88.679245
Antigua and Barbuda,ATG,Control of Corruption: Percentile Rank,CC.PER.RNK,,,,,,,,,,,,,,,,,,,,,,,,,,,,,,,,,,,,,80.10752869,,80.74866486,,81.38298035,,80.42327881,79.36508179,78.81773376,73.65853882,83.4146347,84.46601868,87.37863922,87.55980682,88.09523773,87.20378876,87.20378876,86.7298584,72.11538696,72.38095093,71.90476227,60.95238113,61.90476227,61.90476227,60.95238113,60.95238113,63.20754623
Australia,AUS,Control of Corruption: Percentile Rank,CC.PER.RNK,,,,,,,,,,,,,,,,,,,,,,,,,,,,,,,,,,,,,93.54838562,,92.5133667,,93.61701965,,92.06349182,93.65079498,96.55172729,95.60975647,95.12194824,95.63106537,96.11650848,96.17224884,95.23809814,96.20853424,95.73459625,93.83885956,95.19230652,94.76190186,93.33333588,92.85713959,92.38095093,94.76190186,93.80952454,94.76190186,95.28302002
Austria,AUT,Control of Corruption: Percentile Rank,CC.PER.RNK,,,,,,,,,,,,,,,,,,,,,,,,,,,,,,,,,,,,,92.47312164,,93.04812622,,92.55319214,,93.65079498,94.708992,97.04433441,95.12194824,94.63414764,96.11650848,93.68932343,92.82296753,91.90476227,89.57346344,89.57346344,90.52132416,90.86538696,90.47618866,90.95237732,90.47618866,90.95237732,90.47618866,90.95237732,85.7142868,84.90566254
Azerbaijan,AZE,Control of Corruption: Percentile Rank,CC.PER.RNK,,,,,,,,,,,,,,,,,,,,,,,,,,,,,,,,,,,,,2.688172102,,3.743315458,,4.255319118,,6.349206448,10.58201027,10.34482765,15.60975647,12.68292713,11.1650486,10.67961121,9.090909004,6.666666508,9.478672981,11.84834099,16.587677,14.90384579,16.66666603,19.52380943,17.61904716,21.4285717,22.8571434,15.23809528,21.4285717,16.98113251
Burundi,BDI,Control of Corruption: Percentile Rank,CC.PER.RNK,,,,,,,,,,,,,,,,,,,,,,,,,,,,,,,,,,,,,30.64516068,,32.62031937,,26.06382942,,29.10052872,21.69312096,16.74876785,18.04878044,12.19512177,9.223300934,13.10679626,11.48325348,11.4285717,8.530805588,0.947867274,1.895734549,8.17307663,8.095237732,10,8.571428299,5.238095284,4.761904716,3.809523821,2.857142925,4.245283127
Belgium,BEL,Control of Corruption: Percentile Rank,CC.PER.RNK,,,,,,,,,,,,,,,,,,,,,,,,,,,,,,,,,,,,,88.70967865,,87.16577911,,90.42552948,,89.94709015,89.41799164,90.14778137,90.24390411,88.78048706,90.29125977,90.77669525,90.90908813,90,90.52132416,91.4691925,90.99526215,91.34615326,90.95237732,91.90476227,89.52381134,89.52381134,89.52381134,90,89.52381134,89.62264252
Benin,BEN,Control of Corruption: Percentile Rank,CC.PER.RNK,,,,,,,,,,,,,,,,,,,,,,,,,,,,,,,,,,,,,34.94623566,,33.68983841,,31.38297844,,26.98412704,35.97883606,33.99014664,20.48780441,34.14634323,37.86407852,36.89320374,29.66507149,29.52380943,33.175354,20.37914658,24.64455032,29.80769157,34.2857132,35.23809433,33.80952454,41.42856979,41.90476227,54.76190567,49.04761887,50.47169876
Burkina Faso,BFA,Control of Corruption: Percentile Rank,CC.PER.RNK,,,,,,,,,,,,,,,,,,,,,,,,,,,,,,,,,,,,,60.21505356,,57.75400925,,60.10638428,,59.7883606,55.02645493,51.23152542,53.658535,44.87804794,47.57281494,46.11650467,44.97607803,44.2857132,43.12796021,38.3886261,36.4928894,38.94230652,47.61904907,52.38095093,51.90476227,52.8571434,48.57143021,50.47618866,50.47618866,51.88679123
Bangladesh,BGD,Control of Corruption: Percentile Rank,CC.PER.RNK,,,,,,,,,,,,,,,,,,,,,,,,,,,,,,,,,,,,,17.74193573,,28.87700462,,6.914893627,,1.587301612,0.529100537,0.985221684,2.926829338,2.926829338,13.5922327,15.04854393,14.83253574,14.76190472,13.74407578,20.85308075,21.32701492,18.75,21.90476227,18.5714283,18.5714283,17.1428566,16.19047546,17.1428566,18.09523773,15.56603813
Bulgaria,BGR,Control of Corruption: Percentile Rank,CC.PER.RNK,,,,,,,,,,,,,,,,,,,,,,,,,,,,,,,,,,,,,44.62365723,,50.80213928,,51.06383133,,51.32275009,56.61375809,57.1428566,56.5853653,53.658535,50.97087479,48.54368973,50.71770477,51.90476227,50.23696518,48.81516647,45.97156525,47.59615326,45.23809433,47.61904907,49.52381134,49.04761887,49.52381134,44.2857132,48.09523773,50
Bahrain,BHR,Control of Corruption: Percentile Rank,CC.PER.RNK,,,,,,,,,,,,,,,,,,,,,,,,,,,,,,,,,,,,,63.97849274,,62.03208542,,66.48936462,,77.77777863,69.31217194,69.950737,66.82926941,60.48780441,61.16504669,62.62136078,63.63636398,62.38095093,63.5071106,67.77251434,68.2464447,62.98077011,59.04761887,55.7142868,50.47618866,50,53.80952454,51.90476227,58.57143021,59.43396378
"Bahamas, The",BHS,Control of Corruption: Percentile Rank,CC.PER.RNK,,,,,,,,,,,,,,,,,,,,,,,,,,,,,,,,,,,,,83.87096405,,85.56150055,,86.17021179,,89.41799164,89.94709015,91.62561798,89.26829529,90.24390411,89.32038879,89.32038879,88.99521637,88.57142639,89.09952545,87.67772675,88.62559509,88.94230652,81.90476227,80.95237732,82.85713959,82.38095093,82.38095093,82.85713959,83.80952454,84.43395996
Bosnia and Herzegovina,BIH,Control of Corruption: Percentile Rank,CC.PER.RNK,,,,,,,,,,,,,,,,,,,,,,,,,,,,,,,,,,,,,48.92473221,,42.24599075,,35.10638428,,43.38624191,47.08994675,43.84236526,49.26829147,45.85365677,43.68931961,42.23300934,43.06220245,46.19047546,46.44549942,46.91942978,50.71089935,48.07692337,42.38095093,37.1428566,36.19047546,30.95238113,29.04761887,28.5714283,28.09523773,25.94339561
Belarus,BLR,Control of Corruption: Percentile Rank,CC.PER.RNK,,,,,,,,,,,,,,,,,,,,,,,,,,,,,,,,,,,,,42.47311783,,47.59358215,,38.82978821,,33.86243439,37.56613922,25.61576271,26.8292675,36.5853653,34.46601868,34.46601868,33.97129059,30.95238113,31.7535553,39.8104248,42.18009567,51.44230652,46.66666794,49.04761887,47.1428566,50.95238113,56.19047546,49.52381134,47.61904907,31.60377312
Belize,BLZ,Control of Corruption: Percentile Rank,CC.PER.RNK,,,,,,,,,,,,,,,,,,,,,,,,,,,,,,,,,,,,,56.45161438,,54.54545593,,56.38298035,,54.4973526,56.08465576,53.69458008,51.21951294,44.39024353,48.05825424,47.08737946,59.33014297,56.66666794,48.3412323,57.81990433,58.76777267,52.88461685,51.42856979,48.57143021,44.76190567,50.47618866,49.04761887,46.19047546,44.2857132,48.11320877
Bermuda,BMU,Control of Corruption: Percentile Rank,CC.PER.RNK,,,,,,,,,,,,,,,,,,,,,,,,,,,,,,,,,,,,,87.09677124,,89.30480957,,88.29787445,,87.83068848,88.35978699,88.17733765,88.29268646,88.29268646,88.34951782,87.37863922,87.55980682,88.09523773,87.20378876,87.20378876,86.7298584,87.0192337,85.7142868,87.14286041,86.19047546,86.19047546,87.14286041,88.57142639,88.57142639,88.679245
Bolivia,BOL,Control of Corruption: Percentile Rank,CC.PER.RNK,,,,,,,,,,,,,,,,,,,,,,,,,,,,,,,,,,,,,25.2688179,,40.64171219,,40.42553329,,22.22222137,23.28042412,24.63054276,24.39024353,39.51219559,39.80582428,35.92232895,29.18660355,40,34.12322235,27.48815155,35.0710907,30.28846169,26.66666603,24.2857151,26.66666603,27.61904716,25.7142849,22.38095284,20.47619057,20.75471687
Brazil,BRA,Control of Corruption: Percentile Rank,CC.PER.RNK,,,,,,,,,,,,,,,,,,,,,,,,,,,,,,,,,,,,,56.98924637,,56.1497345,,57.97872162,,58.73015976,59.7883606,54.67980194,51.70731735,53.17073059,54.85437012,57.76699066,56.45933151,60.47618866,63.03317642,56.39810562,54.9763031,44.23077011,40.95238113,39.52381134,35.7142868,38.09523773,40,37.61904907,34.2857132,32.07546997
Barbados,BRB,Control of Corruption: Percentile Rank,CC.PER.RNK,,,,,,,,,,,,,,,,,,,,,,,,,,,,,,,,,,,,,90.86021423,,90.90908813,,90.95744324,,91.0052948,91.0052948,91.13300323,90.73170471,89.75609589,91.26213837,90.29125977,89.95215607,90.47618866,92.89099884,92.41706085,91.4691925,82.69230652,90,87.61904907,89.04762268,88.57142639,83.33333588,84.76190186,84.76190186,89.15093994
Brunei Darussalam,BRN,Control of Corruption: Percentile Rank,CC.PER.RNK,,,,,,,,,,,,,,,,,,,,,,,,,,,,,,,,,,,,,71.50537872,,64.70587921,,65.42552948,,66.13756561,66.13756561,68.96551514,61.46341324,61.95121765,62.13592148,71.35922241,79.9043045,77.61904907,76.7772522,71.09004974,72.51184845,69.71154022,67.61904907,66.66666412,73.33333588,78.57142639,77.61904907,85.7142868,85.23809814,83.96226501
Bhutan,BTN,Control of Corruption: Percentile Rank,CC.PER.RNK,,,,,,,,,,,,,,,,,,,,,,,,,,,,,,,,,,,,,81.18279266,,81.28342438,,71.27659607,,70.89946747,82.01058197,80.78817749,79.02439117,77.56097412,78.1553421,78.64077759,79.42583466,79.52381134,77.25118256,79.14691925,79.14691925,88.46154022,80.95237732,81.42857361,90.95237732,91.42857361,91.42857361,93.33333588,90.47618866,90.09433746
Botswana,BWA,Control of Corruption: Percentile Rank,CC.PER.RNK,,,,,,,,,,,,,,,,,,,,,,,,,,,,,,,,,,,,,77.4193573,,78.07486725,,78.19149017,,74.6031723,85.18518829,79.80295563,82.92682648,79.02439117,79.61164856,81.06796265,78.94736481,80.95237732,79.62084961,78.1990509,77.72512054,76.92308044,76.66666412,79.52381134,75.7142868,76.19047546,74.2857132,71.42857361,74.76190186,74.05660248
Central African Republic,CAF,Control of Corruption: Percentile Rank,CC.PER.RNK,,,,,,,,,,,,,,,,,,,,,,,,,,,,,,,,,,,,,11.2903223,,11.76470566,,7.978723526,,18.51851845,12.16931248,1.970443368,7.804878235,8.292682648,8.252427101,11.65048504,18.18181801,18.09523773,18.00947952,16.587677,12.32227516,11.05769253,7.142857075,8.571428299,11.4285717,10.47619057,10.47619057,9.523809433,10.95238113,8.962264061
Canada,CAN,Control of Corruption: Percentile Rank,CC.PER.RNK,,,,,,,,,,,,,,,,,,,,,,,,,,,,,,,,,,,,,96.23655701,,95.18716431,,95.21276855,,94.17989349,94.17989349,92.1182251,93.65853882,95.60975647,95.14562988,95.63106537,96.65071869,96.19047546,95.26066589,95.26066589,95.26066589,94.71154022,95.23809814,96.19047546,95.7142868,93.80952454,92.85713959,91.90476227,92.38095093,93.39622498
Central Europe and the Baltics,CEB,Control of Corruption: Percentile Rank,CC.PER.RNK,,,,,,,,,,,,,,,,,,,,,,,,,,,,,,,,,,,,,,,,,,,,,,,,,,,,,,,,,,,,,,,
Switzerland,CHE,Control of Corruption: Percentile Rank,CC.PER.RNK,,,,,,,,,,,,,,,,,,,,,,,,,,,,,,,,,,,,,95.6989212,,95.72192383,,94.6808548,,95.76719666,96.82539368,96.05911255,97.07317352,96.5853653,96.60194397,97.08737946,97.12918854,96.66666412,95.73459625,97.63033295,97.63033295,98.07691956,97.61904907,95.7142868,96.66666412,96.66666412,96.66666412,97.14286041,96.66666412,97.16981506
Channel Islands,CHI,Control of Corruption: Percentile Rank,CC.PER.RNK,,,,,,,,,,,,,,,,,,,,,,,,,,,,,,,,,,,,,,,,,,,,,,,,,,,,,,,,,,,,,,,
Chile,CHL,Control of Corruption: Percentile Rank,CC.PER.RNK,,,,,,,,,,,,,,,,,,,,,,,,,,,,,,,,,,,,,90.32257843,,86.09626007,,91.48936462,,90.47618866,83.59788513,87.68473053,91.21951294,91.21951294,89.80582428,88.34951782,88.03827667,89.52381134,90.0473938,90.99526215,90.0473938,90.38461304,87.14286041,80.47618866,81.42857361,80.95237732,80.47618866,83.33333588,80.95237732,80.6603775
China,CHN,Control of Corruption: Percentile Rank,CC.PER.RNK,,,,,,,,,,,,,,,,,,,,,,,,,,,,,,,,,,,,,48.38709641,,45.98930359,,49.46808624,,35.97883606,43.91534424,33.49753571,32.19512177,37.07316971,32.52427292,36.40776825,36.84210587,33.80952454,36.96682358,41.23222733,45.0236969,46.15384674,47.1428566,47.1428566,46.19047546,45.23809433,43.80952454,52.8571434,56.19047546,55.18867874
Cote d'Ivoire,CIV,Control of Corruption: Percentile Rank,CC.PER.RNK,,,,,,,,,,,,,,,,,,,,,,,,,,,,,,,,,,,,,49.4623642,,37.96791458,,28.72340393,,26.45502663,13.22751331,9.852216721,9.268292427,8.780488014,12.13592243,12.62135887,11.96172237,10.95238113,16.587677,21.80094719,25.59241676,42.30769348,39.52381134,33.80952454,36.66666794,34.2857132,31.90476227,32.38095093,40.47618866,42.45283127
Cameroon,CMR,Control of Corruption: Percentile Rank,CC.PER.RNK,,,,,,,,,,,,,,,,,,,,,,,,,,,,,,,,,,,,,3.763440847,,3.208556175,,2.127659559,,5.82010603,14.81481457,11.82266045,11.21951199,13.65853691,16.01941681,15.53398037,17.70335007,14.28571415,11.37440777,7.109004974,9.952606201,10.09615421,12.38095284,11.4285717,10.95238113,11.4285717,10.95238113,12.38095284,13.33333302,13.20754719
"Congo, Dem. Rep.",COD,Control of Corruption: Percentile Rank,CC.PER.RNK,,,,,,,,,,,,,,,,,,,,,,,,,,,,,,,,,,,,,0,,1.069518685,,0.53191489,,1.058201075,1.058201075,3.448275805,1.951219559,0.975609779,3.883495092,4.854369164,1.91387558,1.428571463,1.421800971,2.843601942,4.265402794,6.730769157,7.619047642,6.666666508,5.238095284,3.809523821,3.333333254,2.380952358,4.285714149,3.301886797
"Congo, Rep.",COG,Control of Corruption: Percentile Rank,CC.PER.RNK,,,,,,,,,,,,,,,,,,,,,,,,,,,,,,,,,,,,,23.11828041,,5.882352829,,19.68085098,,16.40211678,9.523809433,15.27093601,15.1219511,11.70731735,10.19417477,8.737864494,8.133971214,12.38095284,12.32227516,9.952606201,10.42654037,9.134614944,9.523809433,10.47619057,7.619047642,8.095237732,5.238095284,5.238095284,6.190476418,7.075471878
Colombia,COL,Control of Corruption: Percentile Rank,CC.PER.RNK,,,,,,,,,,,,,,,,,,,,,,,,,,,,,,,,,,,,,36.55913925,,36.36363602,,42.55319214,,46.56084824,50.79365158,52.21674728,52.19512177,52.19512177,49.02912521,49.51456451,45.45454407,41.42856979,47.39336395,42.18009567,40.28435898,42.78845978,44.76190567,41.90476227,42.38095093,43.33333206,46.19047546,45.7142868,42.38095093,41.03773499
Comoros,COM,Control of Corruption: Percentile Rank,CC.PER.RNK,,,,,,,,,,,,,,,,,,,,,,,,,,,,,,,,,,,,,16.66666603,,20.32085609,,18.61702156,,32.27513123,30.15872955,22.1674881,19.51219559,28.29268265,29.12621307,24.27184486,21.53110123,22.38095284,22.74881554,24.64455032,26.54028511,33.65384674,25.23809433,27.61904716,26.19047546,21.90476227,14.28571415,10.95238113,7.619047642,9.433961868
Cabo Verde,CPV,Control of Corruption: Percentile Rank,CC.PER.RNK,,,,,,,,,,,,,,,,,,,,,,,,,,,,,,,,,,,,,83.33333588,,83.95722198,,84.04255676,,71.95767212,70.37036896,66.00984955,71.21951294,77.07317352,77.66990662,78.1553421,77.51196289,78.09523773,78.67298889,77.25118256,77.25118256,79.80769348,79.04762268,78.09523773,79.04762268,78.09523773,79.04762268,79.52381134,82.38095093,81.13207245
Costa Rica,CRI,Control of Corruption: Percentile Rank,CC.PER.RNK,,,,,,,,,,,,,,,,,,,,,,,,,,,,,,,,,,,,,75.26881409,,77.00534821,,74.46808624,,70.37036896,72.48677063,63.05418777,65.36585236,70.24390411,71.8446579,71.8446579,73.20574188,72.85713959,72.03791809,72.03791809,70.61611176,75,74.2857132,73.33333588,64.2857132,67.14286041,71.90476227,74.2857132,66.66666412,66.98113251
Caribbean small states,CSS,Control of Corruption: Percentile Rank,CC.PER.RNK,,,,,,,,,,,,,,,,,,,,,,,,,,,,,,,,,,,,,,,,,,,,,,,,,,,,,,,,,,,,,,,
Cuba,CUB,Control of Corruption: Percentile Rank,CC.PER.RNK,,,,,,,,,,,,,,,,,,,,,,,,,,,,,,,,,,,,,63.44086075,,64.17111969,,65.95744324,,69.31217194,62.43386078,60.59113312,62.92683029,62.92683029,65.04854584,64.56311035,66.50717926,66.19047546,64.45497894,63.98104095,61.6113739,59.13461685,58.09523773,60,62.38095093,59.04761887,57.1428566,48.57143021,54.2857132,52.35848999
Curacao,CUW,Control of Corruption: Percentile Rank,CC.PER.RNK,,,,,,,,,,,,,,,,,,,,,,,,,,,,,,,,,,,,,,,,,,,,,,,,,,,,,,,,,,,,,,,
Cayman Islands,CYM,Control of Corruption: Percentile Rank,CC.PER.RNK,,,,,,,,,,,,,,,,,,,,,,,,,,,,,,,,,,,,,87.09677124,,89.30480957,,88.29787445,,87.83068848,88.35978699,86.69950867,88.29268646,88.29268646,88.34951782,77.1844635,83.25358582,83.33333588,88.62559509,88.1516571,89.09952545,81.7307663,80.47618866,66.19047546,66.19047546,66.19047546,66.19047546,64.76190186,66.19047546,66.50943756
Cyprus,CYP,Control of Corruption: Percentile Rank,CC.PER.RNK,,,,,,,,,,,,,,,,,,,,,,,,,,,,,,,,,,,,,87.63440704,,81.8181839,,83.51063538,,83.59788513,84.65608215,79.31034851,79.51219177,82.43902588,82.5242691,83.98058319,77.99043274,80,77.72512054,84.8341217,84.36019135,82.21154022,79.52381134,76.66666412,76.19047546,72.38095093,70.95237732,63.33333206,63.33333206,66.03773499
Czechia,CZE,Control of Corruption: Percentile Rank,CC.PER.RNK,,,,,,,,,,,,,,,,,,,,,,,,,,,,,,,,,,,,,74.73118591,,70.05347443,,60.63829803,,67.72486877,71.42857361,68.47290802,68.78048706,67.80487823,66.99028778,66.01941681,68.89952087,69.04762268,68.72038269,66.35070801,65.40284729,67.30769348,66.19047546,67.14286041,69.04762268,68.57142639,69.04762268,69.04762268,71.90476227,74.52830505
Germany,DEU,Control of Corruption: Percentile Rank,CC.PER.RNK,,,,,,,,,,,,,,,,,,,,,,,,,,,,,,,,,,,,,94.08602142,,94.65240479,,93.0851059,,93.12169647,93.12169647,93.59606171,94.14633942,93.17073059,92.23300934,93.20388031,93.30143738,93.33333588,93.3649292,94.31279755,94.31279755,93.75,93.33333588,93.80952454,94.76190186,95.7142868,95.23809814,95.23809814,95.7142868,95.75471497
Djibouti,DJI,Control of Corruption: Percentile Rank,CC.PER.RNK,,,,,,,,,,,,,,,,,,,,,,,,,,,,,,,,,,,,,29.03225899,,32.08555984,,34.04255295,,34.3915329,32.27513123,39.40886688,27.80487823,30.24390221,35.43689346,46.60194016,44.01913834,42.8571434,41.7061615,39.33649445,35.54502487,32.69230652,28.09523773,28.09523773,28.5714283,26.19047546,20.47619057,25.23809433,23.80952454,23.58490562
Dominica,DMA,Control of Corruption: Percentile Rank,CC.PER.RNK,,,,,,,,,,,,,,,,,,,,,,,,,,,,,,,,,,,,,80.10752869,,80.74866486,,81.38298035,,80.42327881,79.36508179,74.87684631,74.63414764,73.65853882,74.27184296,74.27184296,74.64115143,74.2857132,73.4597168,73.4597168,73.93364716,74.03845978,70.95237732,70.95237732,71.90476227,69.52381134,67.61904907,69.52381134,68.57142639,69.3396225
Denmark,DNK,Control of Corruption: Percentile Rank,CC.PER.RNK,,,,,,,,,,,,,,,,,,,,,,,,,,,,,,,,,,,,,100,,99.46524048,,99.46808624,,99.47090149,99.47090149,99.50739288,99.02439117,100,100,100,100,100,100,100,100,100,98.57142639,99.52381134,99.04762268,99.52381134,99.52381134,100,100,100
Dominican Republic,DOM,Control of Corruption: Percentile Rank,CC.PER.RNK,,,,,,,,,,,,,,,,,,,,,,,,,,,,,,,,,,,,,41.39785004,,29.41176414,,32.44680786,,39.68254089,28.5714283,32.01970291,28.29268265,27.80487823,24.27184486,26.69902992,22.00956917,20.95238113,21.32701492,19.43128014,20.37914658,22.59615326,20.47619057,22.8571434,23.33333397,22.38095284,23.33333397,25.7142849,30.95238113,37.26415253
Algeria,DZA,Control of Corruption: Percentile Rank,CC.PER.RNK,,,,,,,,,,,,,,,,,,,,,,,,,,,,,,,,,,,,,33.33333206,,22.99465179,,16.48936081,,22.7513237,29.62962914,29.06403923,40.97560883,35.12195206,33.0097084,33.49514389,30.62200928,34.76190567,34.59715652,36.01895905,39.33649445,31.25,30.47619057,30,31.90476227,28.5714283,28.09523773,27.61904716,29.52380943,28.30188751
East Asia & Pacific (excluding high income),EAP,Control of Corruption: Percentile Rank,CC.PER.RNK,,,,,,,,,,,,,,,,,,,,,,,,,,,,,,,,,,,,,,,,,,,,,,,,,,,,,,,,,,,,,,,
Early-demographic dividend,EAR,Control of Corruption: Percentile Rank,CC.PER.RNK,,,,,,,,,,,,,,,,,,,,,,,,,,,,,,,,,,,,,,,,,,,,,,,,,,,,,,,,,,,,,,,
East Asia & Pacific,EAS,Control of Corruption: Percentile Rank,CC.PER.RNK,,,,,,,,,,,,,,,,,,,,,,,,,,,,,,,,,,,,,,,,,,,,,,,,,,,,,,,,,,,,,,,
Europe & Central Asia (excluding high income),ECA,Control of Corruption: Percentile Rank,CC.PER.RNK,,,,,,,,,,,,,,,,,,,,,,,,,,,,,,,,,,,,,,,,,,,,,,,,,,,,,,,,,,,,,,,
Europe & Central Asia,ECS,Control of Corruption: Percentile Rank,CC.PER.RNK,,,,,,,,,,,,,,,,,,,,,,,,,,,,,,,,,,,,,,,,,,,,,,,,,,,,,,,,,,,,,,,
Ecuador,ECU,Control of Corruption: Percentile Rank,CC.PER.RNK,,,,,,,,,,,,,,,,,,,,,,,,,,,,,,,,,,,,,30.10752678,,28.3422451,,27.65957451,,23.80952454,29.10052872,27.0935955,25.36585426,24.39024353,26.69902992,31.06796074,24.88038254,26.19047546,28.90995216,36.96682358,37.44075775,27.40384674,29.04761887,28.5714283,30.95238113,29.52380943,34.76190567,33.80952454,30,29.71698189
"Egypt, Arab Rep.",EGY,Control of Corruption: Percentile Rank,CC.PER.RNK,,,,,,,,,,,,,,,,,,,,,,,,,,,,,,,,,,,,,38.70967865,,39.03743362,,39.36170197,,41.26984024,38.09523773,32.51231384,36.09756088,26.34146309,27.18446541,25.24271774,38.75598145,32.38095093,30.33175278,33.64928818,33.64928818,34.61538315,32.8571434,32.38095093,39.04761887,34.76190567,28.5714283,23.80952454,26.66666603,26.41509438
Euro area,EMU,Control of Corruption: Percentile Rank,CC.PER.RNK,,,,,,,,,,,,,,,,,,,,,,,,,,,,,,,,,,,,,,,,,,,,,,,,,,,,,,,,,,,,,,,
Eritrea,ERI,Control of Corruption: Percentile Rank,CC.PER.RNK,,,,,,,,,,,,,,,,,,,,,,,,,,,,,,,,,,,,,72.04301453,,69.5187149,,69.14893341,,60.31745911,58.73015976,51.72413635,47.31707382,42.43902588,39.32038879,42.71844482,37.79904175,35.23809433,29.85782051,25.59241676,20.85308075,19.71153831,6.190476418,8.095237732,10.47619057,9.047618866,7.142857075,8.571428299,9.047618866,8.018867493
Spain,ESP,Control of Corruption: Percentile Rank,CC.PER.RNK,,,,,,,,,,,,,,,,,,,,,,,,,,,,,,,,,,,,,82.79570007,,90.37432861,,89.36170197,,88.35978699,88.8888855,89.16255951,88.78048706,84.87805176,83.00971222,83.49514771,81.33971405,83.80952454,83.412323,83.412323,79.62084961,73.07691956,71.90476227,68.09523773,67.14286041,72.85713959,73.33333588,75.7142868,75.7142868,75
Estonia,EST,Control of Corruption: Percentile Rank,CC.PER.RNK,,,,,,,,,,,,,,,,,,,,,,,,,,,,,,,,,,,,,69.89247131,,73.26203156,,77.65957642,,76.19047546,80.95237732,82.75862122,80.97560883,81.46341705,78.64077759,80.09708405,80.38277435,80.47618866,80.56871796,81.5165863,82.93838501,87.9807663,88.57142639,88.09523773,86.66666412,90,90.95237732,92.38095093,90,91.03773499
Ethiopia,ETH,Control of Corruption: Percentile Rank,CC.PER.RNK,,,,,,,,,,,,,,,,,,,,,,,,,,,,,,,,,,,,,18.81720352,,24.59893036,,22.34042549,,31.21693039,25.92592621,26.10837364,23.4146347,30.73170662,30.58252335,30.09708786,25.83732033,28.09523773,27.01421738,32.22748947,37.91469193,40.86538315,39.04761887,40,33.33333206,36.66666794,38.09523773,40.47618866,37.61904907,36.79245377
European Union,EUU,Control of Corruption: Percentile Rank,CC.PER.RNK,,,,,,,,,,,,,,,,,,,,,,,,,,,,,,,,,,,,,,,,,,,,,,,,,,,,,,,,,,,,,,,
Fragile and conflict affected situations,FCS,Control of Corruption: Percentile Rank,CC.PER.RNK,,,,,,,,,,,,,,,,,,,,,,,,,,,,,,,,,,,,,,,,,,,,,,,,,,,,,,,,,,,,,,,
Finland,FIN,Control of Corruption: Percentile Rank,CC.PER.RNK,,,,,,,,,,,,,,,,,,,,,,,,,,,,,,,,,,,,,99.4623642,,100,,100,,100,100,100,100,99.51219177,99.51456451,99.02912903,98.56459045,98.09523773,99.05213165,98.10426331,98.10426331,98.55769348,99.52381134,99.04762268,98.57142639,100,98.57142639,99.52381134,99.52381134,99.52830505
Fiji,FJI,Control of Corruption: Percentile Rank,CC.PER.RNK,,,,,,,,,,,,,,,,,,,,,,,,,,,,,,,,,,,,,73.65591431,,74.3315506,,72.34042358,,73.54497528,65.07936859,63.54679871,49.75609589,60,59.70873642,59.70873642,53.11004639,53.33333206,60.1895752,63.03317642,63.03317642,65.86538696,64.76190186,64.2857132,72.38095093,75.7142868,74.76190186,71.90476227,65.7142868,64.62264252
France,FRA,Control of Corruption: Percentile Rank,CC.PER.RNK,,,,,,,,,,,,,,,,,,,,,,,,,,,,,,,,,,,,,84.94623566,,89.83956909,,88.82978821,,84.12698364,85.7142868,88.66995239,89.75609589,91.70731354,91.74757385,91.26213837,90.43061829,90.95237732,90.99526215,90.52132416,87.67772675,87.5,87.61904907,89.52381134,87.14286041,87.61904907,88.57142639,83.80952454,89.04762268,85.37735748
Faroe Islands,FRO,Control of Corruption: Percentile Rank,CC.PER.RNK,,,,,,,,,,,,,,,,,,,,,,,,,,,,,,,,,,,,,,,,,,,,,,,,,,,,,,,,,,,,,,,
"Micronesia, Fed. Sts.",FSM,Control of Corruption: Percentile Rank,CC.PER.RNK,,,,,,,,,,,,,,,,,,,,,,,,,,,,,,,,,,,,,,,,,,,,,65.02462769,53.17073059,54.63414764,50.48543549,51.45631027,52.1531105,49.04761887,45.49763107,55.45023727,53.55450058,76.44230652,73.80952454,74.76190186,77.61904907,74.2857132,75.7142868,80,69.52381134,67.92453003
Gabon,GAB,Control of Corruption: Percentile Rank,CC.PER.RNK,,,,,,,,,,,,,,,,,,,,,,,,,,,,,,,,,,,,,13.97849464,,17.64705849,,35.63829803,,37.56613922,36.50793839,23.15270996,31.21951294,14.63414669,9.708738327,10.19417477,13.39712906,20,19.9052124,29.85782051,32.22748947,28.84615326,26.19047546,25.7142849,19.52380943,20.95238113,20,20.47619057,20.95238113,16.03773499
United Kingdom,GBR,Control of Corruption: Percentile Rank,CC.PER.RNK,,,,,,,,,,,,,,,,,,,,,,,,,,,,,,,,,,,,,95.16129303,,96.25668335,,95.74468231,,94.708992,95.23809814,94.58128357,94.63414764,92.68292999,92.71844482,92.23300934,91.86602783,92.38095093,92.41706085,92.89099884,93.3649292,93.2692337,93.80952454,94.2857132,95.23809814,94.76190186,93.33333588,94.2857132,93.33333588,92.92453003
Georgia,GEO,Control of Corruption: Percentile Rank,CC.PER.RNK,,,,,,,,,,,,,,,,,,,,,,,,,,,,,,,,,,,,,1.075268865,,19.78609657,,13.82978725,,4.232804298,31.21693039,37.43842316,50.24390411,58.53658676,53.39805984,53.88349533,54.54545593,57.61904907,61.13743973,68.72038269,69.19431305,77.40384674,75.23809814,75.23809814,76.66666412,76.66666412,76.19047546,70.95237732,74.2857132,72.16981506
Ghana,GHA,Control of Corruption: Percentile Rank,CC.PER.RNK,,,,,,,,,,,,,,,,,,,,,,,,,,,,,,,,,,,,,46.23656082,,47.05882263,,53.19149017,,43.91534424,46.03174591,47.29064178,43.90243912,56.09756088,57.76699066,55.82524109,58.85167313,58.09523773,56.39810562,54.9763031,55.45023727,52.40384674,50.95238113,51.90476227,46.66666794,51.42856979,52.38095093,50,50,52.83018875
Gibraltar,GIB,Control of Corruption: Percentile Rank,CC.PER.RNK,,,,,,,,,,,,,,,,,,,,,,,,,,,,,,,,,,,,,,,,,,,,,,,,,,,,,,,,,,,,,,,
Guinea,GIN,Control of Corruption: Percentile Rank,CC.PER.RNK,,,,,,,,,,,,,,,,,,,,,,,,,,,,,,,,,,,,,18.27956963,,14.43850231,,13.29787254,,28.5714283,20.1058197,20.6896553,14.14634132,11.21951199,5.825242519,6.796116352,12.44019127,7.619047642,12.79620838,14.69194317,13.74407578,13.46153831,15.23809528,15.23809528,14.28571415,13.33333302,18.5714283,18.09523773,17.1428566,18.39622688
"Gambia, The",GMB,Control of Corruption: Percentile Rank,CC.PER.RNK,,,,,,,,,,,,,,,,,,,,,,,,,,,,,,,,,,,,,43.54838562,,44.91978455,,45.21276474,,48.67724991,51.85185242,34.9753685,28.78048706,26.8292675,28.15534019,27.6699028,34.44976044,32.8571434,37.44075775,30.80568695,27.48815155,28.36538506,23.33333397,20,29.52380943,37.1428566,39.52381134,38.09523773,40.95238113,46.22641373
Guinea-Bissau,GNB,Control of Corruption: Percentile Rank,CC.PER.RNK,,,,,,,,,,,,,,,,,,,,,,,,,,,,,,,,,,,,,8.064516068,,12.29946518,,21.27659607,,11.64021206,8.994709015,7.881773472,12.68292713,13.17073154,8.737864494,7.766990185,7.655502319,11.90476227,10.90047359,5.687203884,3.791469097,1.923076868,2.380952358,2.380952358,1.90476191,2.380952358,4.285714149,7.142857075,7.142857075,11.79245281
Equatorial Guinea,GNQ,Control of Corruption: Percentile Rank,CC.PER.RNK,,,,,,,,,,,,,,,,,,,,,,,,,,,,,,,,,,,,,6.451612949,,6.951871872,,6.382978916,,5.291005135,5.82010603,5.418719292,2.439024448,4.878048897,7.281553268,8.252427101,7.177033424,7.142857075,8.056872368,9.478672981,5.213270187,2.403846264,1.428571463,1.428571463,0.952380955,2.857142925,2.857142925,4.285714149,3.333333254,2.830188751
Greece,GRC,Control of Corruption: Percentile Rank,CC.PER.RNK,,,,,,,,,,,,,,,,,,,,,,,,,,,,,,,,,,,,,64.51612854,,76.47058868,,72.87233734,,69.84127045,68.7830658,70.44335175,64.87805176,68.78048706,62.62136078,61.65048599,59.80861282,55.7142868,55.45023727,52.60663605,55.92417145,53.36538315,53.80952454,53.33333206,53.33333206,54.76190567,56.66666794,57.1428566,59.52381134,56.60377502
Grenada,GRD,Control of Corruption: Percentile Rank,CC.PER.RNK,,,,,,,,,,,,,,,,,,,,,,,,,,,,,,,,,,,,,80.10752869,,80.74866486,,81.38298035,,80.42327881,79.36508179,74.87684631,74.63414764,74.14633942,70.87378693,66.99028778,69.85646057,70.95237732,70.1421814,69.66824341,68.72038269,64.42308044,68.09523773,67.61904907,65.7142868,65.23809814,63.33333206,63.80952454,67.14286041,67.45282745
Greenland,GRL,Control of Corruption: Percentile Rank,CC.PER.RNK,,,,,,,,,,,,,,,,,,,,,,,,,,,,,,,,,,,,,,,,,,,,,,,,,,84.21052551,84.2857132,84.36019135,84.36019135,83.88625336,84.13461304,86.66666412,83.33333588,83.33333588,83.33333588,82.85713959,81.42857361,81.90476227,82.07546997
Guatemala,GTM,Control of Corruption: Percentile Rank,CC.PER.RNK,,,,,,,,,,,,,,,,,,,,,,,,,,,,,,,,,,,,,23.65591431,,26.20320892,,25.53191566,,33.33333206,27.51322746,30.04926109,29.26829338,21.46341515,24.75728226,29.61165047,36.36363602,36.19047546,36.01895905,28.90995216,31.7535553,25.96153831,24.2857151,23.33333397,22.8571434,22.8571434,19.04761887,12.85714245,11.90476227,11.320755
Guam,GUM,Control of Corruption: Percentile Rank,CC.PER.RNK,,,,,,,,,,,,,,,,,,,,,,,,,,,,,,,,,,,,,,,,,,,,,67.48768616,77.56097412,76.5853653,76.69902802,77.1844635,77.03349304,77.14286041,75.82938385,76.30331421,76.7772522,87.0192337,85.7142868,87.14286041,86.19047546,86.19047546,87.14286041,88.57142639,88.57142639,88.679245
Guyana,GUY,Control of Corruption: Percentile Rank,CC.PER.RNK,,,,,,,,,,,,,,,,,,,,,,,,,,,,,,,,,,,,,52.68817139,,46.52406311,,42.02127838,,47.08994675,44.97354507,40.88669968,35.12195206,34.63414764,33.49514389,34.95145798,35.88516617,34.2857132,31.27962112,26.54028511,29.85782051,26.92307663,30,43.33333206,37.61904907,45.7142868,50.47618866,46.66666794,48.57143021,45.28302002
High income,HIC,Control of Corruption: Percentile Rank,CC.PER.RNK,,,,,,,,,,,,,,,,,,,,,,,,,,,,,,,,,,,,,,,,,,,,,,,,,,,,,,,,,,,,,,,
"Hong Kong SAR, China",HKG,Control of Corruption: Percentile Rank,CC.PER.RNK,,,,,,,,,,,,,,,,,,,,,,,,,,,,,,,,,,,,,89.78494263,,86.63101959,,85.63829803,,91.53439331,92.59259033,94.08866882,93.17073059,93.65853882,93.68932343,94.17475891,94.25836945,94.76190186,94.31279755,93.3649292,91.94313049,91.82691956,91.90476227,91.42857361,91.90476227,91.90476227,91.90476227,92.85713959,94.2857132,92.45282745
Honduras,HND,Control of Corruption: Percentile Rank,CC.PER.RNK,,,,,,,,,,,,,,,,,,,,,,,,,,,,,,,,,,,,,14.51612949,,16.57753944,,17.55319214,,15.8730154,15.8730154,18.71921158,22.43902397,21.95121956,22.81553459,18.44660187,20.09569359,20.47619057,21.80094719,18.00947952,18.00947952,24.03846169,33.33333206,29.04761887,25.23809433,29.04761887,21.4285717,17.61904716,14.76190472,18.86792374
Heavily indebted poor countries (HIPC),HPC,Control of Corruption: Percentile Rank,CC.PER.RNK,,,,,,,,,,,,,,,,,,,,,,,,,,,,,,,,,,,,,,,,,,,,,,,,,,,,,,,,,,,,,,,
Croatia,HRV,Control of Corruption: Percentile Rank,CC.PER.RNK,,,,,,,,,,,,,,,,,,,,,,,,,,,,,,,,,,,,,32.79570007,,35.29411697,,57.44680786,,62.43386078,63.49206161,61.08374405,58.53658676,58.04878235,58.25242615,56.31068039,55.98086166,58.57143021,58.2938385,58.2938385,61.13743973,62.01922989,60.95238113,60.95238113,56.66666794,57.1428566,58.09523773,59.52381134,56.66666794,59.90565872
Haiti,HTI,Control of Corruption: Percentile Rank,CC.PER.RNK,,,,,,,,,,,,,,,,,,,,,,,,,,,,,,,,,,,,,9.139784813,,9.090909004,,7.446808338,,0,0,2.46305418,3.414634228,6.341463566,6.310679436,6.310679436,12.91866016,10,6.161137581,9.004739761,11.84834099,8.653845787,10,7.619047642,10,9.523809433,8.571428299,7.619047642,5.238095284,5.188679218
Hungary,HUN,Control of Corruption: Percentile Rank,CC.PER.RNK,,,,,,,,,,,,,,,,,,,,,,,,,,,,,,,,,,,,,74.19355011,,75.40106964,,75.53191376,,73.01587677,74.07407379,73.89162445,72.19512177,73.17073059,73.30097198,69.90291595,69.37799072,65.7142868,67.77251434,65.40284729,64.9289093,61.05769348,60,58.57143021,57.61904907,58.09523773,57.61904907,58.09523773,55.23809433,51.41509247
IBRD only,IBD,Control of Corruption: Percentile Rank,CC.PER.RNK,,,,,,,,,,,,,,,,,,,,,,,,,,,,,,,,,,,,,,,,,,,,,,,,,,,,,,,,,,,,,,,
IDA & IBRD total,IBT,Control of Corruption: Percentile Rank,CC.PER.RNK,,,,,,,,,,,,,,,,,,,,,,,,,,,,,,,,,,,,,,,,,,,,,,,,,,,,,,,,,,,,,,,
IDA total,IDA,Control of Corruption: Percentile Rank,CC.PER.RNK,,,,,,,,,,,,,,,,,,,,,,,,,,,,,,,,,,,,,,,,,,,,,,,,,,,,,,,,,,,,,,,
IDA blend,IDB,Control of Corruption: Percentile Rank,CC.PER.RNK,,,,,,,,,,,,,,,,,,,,,,,,,,,,,,,,,,,,,,,,,,,,,,,,,,,,,,,,,,,,,,,
Indonesia,IDN,Control of Corruption: Percentile Rank,CC.PER.RNK,,,,,,,,,,,,,,,,,,,,,,,,,,,,,,,,,,,,,22.04301071,,10.69518757,,21.80850983,,8.465608597,15.34391499,17.73398972,18.53658485,20.48780441,31.06796074,32.52427292,20.57416344,21.90476227,23.69668198,28.4360199,29.38388634,32.21154022,36.66666794,38.09523773,45.23809433,44.2857132,35.23809433,36.66666794,36.66666794,37.73584747
IDA only,IDX,Control of Corruption: Percentile Rank,CC.PER.RNK,,,,,,,,,,,,,,,,,,,,,,,,,,,,,,,,,,,,,,,,,,,,,,,,,,,,,,,,,,,,,,,
Isle of Man,IMN,Control of Corruption: Percentile Rank,CC.PER.RNK,,,,,,,,,,,,,,,,,,,,,,,,,,,,,,,,,,,,,,,,,,,,,,,,,,,,,,,,,,,,,,,
India,IND,Control of Corruption: Percentile Rank,CC.PER.RNK,,,,,,,,,,,,,,,,,,,,,,,,,,,,,,,,,,,,,43.01075363,,49.73262024,,43.61701965,,36.50793839,40.74074173,37.93103409,44.87804794,47.31707382,41.26213455,43.68931961,39.23445129,39.04761887,35.54502487,36.4928894,36.96682358,39.90384674,42.8571434,43.80952454,45.7142868,47.61904907,44.76190567,45.23809433,45.23809433,44.3396225
Not classified,INX,Control of Corruption: Percentile Rank,CC.PER.RNK,,,,,,,,,,,,,,,,,,,,,,,,,,,,,,,,,,,,,,,,,,,,,,,,,,,,,,,,,,,,,,,
Ireland,IRL,Control of Corruption: Percentile Rank,CC.PER.RNK,,,,,,,,,,,,,,,,,,,,,,,,,,,,,,,,,,,,,91.93548584,,91.44384766,,89.89361572,,88.8888855,90.47618866,87.19211578,92.19512177,92.19512177,93.20388031,92.71844482,93.77990723,92.85713959,91.94313049,90.0473938,92.41706085,92.78845978,92.38095093,92.38095093,91.42857361,90.47618866,90,91.42857361,92.85713959,93.86792755
"Iran, Islamic Rep.",IRN,Control of Corruption: Percentile Rank,CC.PER.RNK,,,,,,,,,,,,,,,,,,,,,,,,,,,,,,,,,,,,,37.63440704,,40.10695267,,44.14893723,,49.73545074,46.56084824,42.8571434,40.48780441,38.04878235,34.95145798,26.21359253,23.92344475,17.61904716,20.37914658,23.22274971,28.4360199,30.76922989,30.95238113,26.66666603,20.47619057,15.71428585,13.33333302,14.28571415,13.80952358,14.15094376
Iraq,IRQ,Control of Corruption: Percentile Rank,CC.PER.RNK,,,,,,,,,,,,,,,,,,,,,,,,,,,,,,,,,,,,,0.537634432,,0.534759343,,0,,2.116402149,6.349206448,1.477832556,4.390244007,1.463414669,1.941747546,2.427184582,3.82775116,3.333333254,4.739336491,8.530805588,5.687203884,5.769230843,3.809523821,5.238095284,6.190476418,5.714285851,8.095237732,9.047618866,8.571428299,10.84905624
Iceland,ISL,Control of Corruption: Percentile Rank,CC.PER.RNK,,,,,,,,,,,,,,,,,,,,,,,,,,,,,,,,,,,,,93.01074982,,94.11764526,,98.40425873,,97.35449982,98.41269684,98.02955627,99.51219177,97.56097412,97.57281494,99.51456451,95.69377899,94.2857132,94.78672791,94.78672791,95.73459625,94.2307663,95.7142868,95.23809814,94.2857132,94.2857132,92.38095093,94.76190186,95.23809814,91.50943756
Israel,ISR,Control of Corruption: Percentile Rank,CC.PER.RNK,,,,,,,,,,,,,,,,,,,,,,,,,,,,,,,,,,,,,88.17204285,,83.42246246,,82.97872162,,84.65608215,81.48148346,81.77339935,78.53658295,80,77.1844635,77.66990662,74.16268158,73.80952454,76.30331421,77.72512054,78.1990509,78.84615326,78.57142639,83.80952454,78.57142639,77.61904907,78.09523773,68.09523773,80,78.77358246
Italy,ITA,Control of Corruption: Percentile Rank,CC.PER.RNK,,,,,,,,,,,,,,,,,,,,,,,,,,,,,,,,,,,,,67.20429993,,68.44919586,,75,,72.48677063,70.89946747,66.50246429,67.80487823,71.21951294,67.4757309,64.07766724,64.11483002,64.2857132,65.87677765,62.08530807,60.1895752,56.73077011,57.1428566,59.04761887,60.47618866,60.95238113,61.42856979,67.14286041,67.61904907,68.86792755
Jamaica,JAM,Control of Corruption: Percentile Rank,CC.PER.RNK,,,,,,,,,,,,,,,,,,,,,,,,,,,,,,,,,,,,,61.82795715,,59.89304733,,59.04255295,,38.09523773,41.26984024,41.37931061,46.341465,46.341465,46.60194016,44.17475891,47.8468895,48.09523773,53.08057022,48.3412323,47.39336395,46.63461685,48.57143021,49.52381134,47.61904907,47.1428566,51.90476227,53.80952454,52.38095093,54.24528122
Jordan,JOR,Control of Corruption: Percentile Rank,CC.PER.RNK,,,,,,,,,,,,,,,,,,,,,,,,,,,,,,,,,,,,,55.37634277,,59.35828781,,58.51063919,,55.02645493,67.72486877,64.03940582,63.4146347,64.39024353,64.07766724,67.4757309,62.67942429,60,59.71564102,60.1895752,59.71564102,60.57692337,62.38095093,61.90476227,61.90476227,58.57143021,58.57143021,57.61904907,55.7142868,58.01886749
Japan,JPN,Control of Corruption: Percentile Rank,CC.PER.RNK,,,,,,,,,,,,,,,,,,,,,,,,,,,,,,,,,,,,,84.40859985,,82.35294342,,85.10638428,,81.48148346,84.12698364,85.7142868,83.9024353,89.26829529,85.43688965,88.83495331,89.47368622,91.42857361,91.4691925,91.94313049,92.89099884,92.30769348,91.42857361,90.47618866,90,89.04762268,89.04762268,90.47618866,90.95237732,90.56604004
Kazakhstan,KAZ,Control of Corruption: Percentile Rank,CC.PER.RNK,,,,,,,,,,,,,,,,,,,,,,,,,,,,,,,,,,,,,12.36559105,,13.90374374,,9.574467659,,8.994709015,11.64021206,12.31527138,16.5853653,18.04878044,17.96116447,16.01941681,19.1387558,16.66666603,17.53554535,18.95734596,18.95734596,23.55769157,20.95238113,21.90476227,20,37.61904907,45.23809433,40.95238113,47.1428566,48.58490753
Kenya,KEN,Control of Corruption: Percentile Rank,CC.PER.RNK,,,,,,,,,,,,,,,,,,,,,,,,,,,,,,,,,,,,,10.75268841,,9.625668526,,10.10638332,,16.93121719,16.93121719,20.19704437,17.07317162,19.51219559,18.44660187,14.0776701,15.78947353,19.52380943,18.48341179,12.79620838,14.69194317,16.34615326,14.28571415,16.66666603,15.23809528,20.47619057,24.2857151,20.95238113,26.19047546,24.05660439
Kyrgyz Republic,KGZ,Control of Corruption: Percentile Rank,CC.PER.RNK,,,,,,,,,,,,,,,,,,,,,,,,,,,,,,,,,,,,,17.20430183,,16.04277992,,15.95744705,,10.05290985,11.11111069,12.80788136,8.780488014,6.829268456,4.854369164,5.825242519,4.306220055,10.47619057,6.635071278,11.37440777,11.37440777,12.5,10.95238113,12.38095284,12.85714245,16.19047546,17.1428566,13.33333302,12.85714245,10.37735844
Cambodia,KHM,Control of Corruption: Percentile Rank,CC.PER.RNK,,,,,,,,,,,,,,,,,,,,,,,,,,,,,,,,,,,,,16.12903214,,19.25133705,,18.0851059,,17.46031761,14.28571415,14.28571415,10.24390221,7.317073345,10.67961121,5.339805603,9.569377899,6.190476418,5.213270187,13.27014256,12.79620838,11.53846169,11.4285717,9.047618866,9.047618866,8.571428299,9.523809433,10.47619057,11.4285717,9.905660629
Kiribati,KIR,Control of Corruption: Percentile Rank,CC.PER.RNK,,,,,,,,,,,,,,,,,,,,,,,,,,,,,,,,,,,,,,,,,,,,,71.42857361,62.43902588,59.02439117,60.19417572,58.73786545,54.06698608,55.23809433,60.66350555,59.24170685,57.81990433,63.46154022,62.8571434,62.8571434,63.80952454,64.76190186,64.76190186,66.19047546,61.90476227,61.320755
St. Kitts and Nevis,KNA,Control of Corruption: Percentile Rank,CC.PER.RNK,,,,,,,,,,,,,,,,,,,,,,,,,,,,,,,,,,,,,,,,,,,,,60.09852219,83.4146347,83.4146347,84.46601868,87.37863922,87.55980682,88.09523773,87.20378876,87.20378876,86.7298584,58.17307663,65.7142868,65.7142868,65.23809814,65.7142868,63.80952454,62.38095093,64.2857132,65.09433746
"Korea, Rep.",KOR,Control of Corruption: Percentile Rank,CC.PER.RNK,,,,,,,,,,,,,,,,,,,,,,,,,,,,,,,,,,,,,65.59140015,,63.10160446,,63.29787064,,71.42857361,73.01587677,67.98029327,71.70731354,65.36585236,72.8155365,68.93203735,71.77033234,70,71.09004974,70.1421814,71.09004974,69.2307663,64.2857132,65.23809814,64.76190186,70.95237732,75.23809814,75.23809814,76.66666412,76.88679504
Kuwait,KWT,Control of Corruption: Percentile Rank,CC.PER.RNK,,,,,,,,,,,,,,,,,,,,,,,,,,,,,,,,,,,,,70.43010712,,71.12299347,,70.74468231,,82.53968048,74.6031723,75.36946106,69.75609589,70.73170471,69.90291595,68.44660187,66.98564911,64.76190186,59.24170685,52.13270187,52.60663605,50.96154022,50,46.19047546,43.33333206,43.80952454,50,52.38095093,51.90476227,58.96226501
Latin America & Caribbean (excluding high income),LAC,Control of Corruption: Percentile Rank,CC.PER.RNK,,,,,,,,,,,,,,,,,,,,,,,,,,,,,,,,,,,,,,,,,,,,,,,,,,,,,,,,,,,,,,,
Lao PDR,LAO,Control of Corruption: Percentile Rank,CC.PER.RNK,,,,,,,,,,,,,,,,,,,,,,,,,,,,,,,,,,,,,28.49462318,,31.55080223,,31.9148941,,32.80423355,22.22222137,11.33004951,6.829268456,5.853658676,6.796116352,7.281553268,5.74162674,9.047618866,9.952606201,15.63981056,18.48341179,20.67307663,17.1428566,14.28571415,15.71428585,15.23809528,12.85714245,14.76190472,15.23809528,19.81132126
Lebanon,LBN,Control of Corruption: Percentile Rank,CC.PER.RNK,,,,,,,,,,,,,,,,,,,,,,,,,,,,,,,,,,,,,31.18279648,,39.57219315,,41.48936081,,42.32804108,34.3915329,31.52709389,37.56097412,17.56097603,18.93203926,20.38834953,21.05263138,19.04761887,19.43128014,19.9052124,19.43128014,13.94230747,19.04761887,13.80952358,14.76190472,11.90476227,11.90476227,11.90476227,10.47619057,13.679245
Liberia,LBR,Control of Corruption: Percentile Rank,CC.PER.RNK,,,,,,,,,,,,,,,,,,,,,,,,,,,,,,,,,,,,,2.150537729,,0,,11.70212746,,12.6984129,7.936507702,6.896551609,10.73170757,27.31707382,37.37863922,22.81553459,32.05741501,33.33333206,26.06635094,32.70142365,27.01421738,24.51922989,29.52380943,26.19047546,27.61904716,18.5714283,17.61904716,20,19.04761887,20.28301811
Libya,LBY,Control of Corruption: Percentile Rank,CC.PER.RNK,,,,,,,,,,,,,,,,,,,,,,,,,,,,,,,,,,,,,20.43010712,,24.06417084,,24.46808434,,21.69312096,20.63492012,19.70443344,17.56097603,14.14634132,14.56310654,17.96116447,8.612440109,5.714285851,7.582938194,3.317535639,1.421800971,2.884615421,0.952380955,2.857142925,3.333333254,3.333333254,2.380952358,2.857142925,3.809523821,3.773584843
St. Lucia,LCA,Control of Corruption: Percentile Rank,CC.PER.RNK,,,,,,,,,,,,,,,,,,,,,,,,,,,,,,,,,,,,,,,,,,,,,62.56157684,84.39024353,84.39024353,84.95145416,87.86407471,88.51674652,85.23809814,88.1516571,80.56871796,81.04265594,68.75,71.42857361,71.42857361,70.47618866,70.47618866,69.52381134,68.57142639,69.04762268,70.75471497
Latin America & Caribbean,LCN,Control of Corruption: Percentile Rank,CC.PER.RNK,,,,,,,,,,,,,,,,,,,,,,,,,,,,,,,,,,,,,,,,,,,,,,,,,,,,,,,,,,,,,,,
Least developed countries: UN classification,LDC,Control of Corruption: Percentile Rank,CC.PER.RNK,,,,,,,,,,,,,,,,,,,,,,,,,,,,,,,,,,,,,,,,,,,,,,,,,,,,,,,,,,,,,,,
Low income,LIC,Control of Corruption: Percentile Rank,CC.PER.RNK,,,,,,,,,,,,,,,,,,,,,,,,,,,,,,,,,,,,,,,,,,,,,,,,,,,,,,,,,,,,,,,
Liechtenstein,LIE,Control of Corruption: Percentile Rank,CC.PER.RNK,,,,,,,,,,,,,,,,,,,,,,,,,,,,,,,,,,,,,87.09677124,,89.30480957,,88.29787445,,87.83068848,88.35978699,89.65517426,88.29268646,88.29268646,83.49514771,83.00971222,92.34449768,93.80952454,93.83885956,93.83885956,94.78672791,97.11538696,96.19047546,96.66666412,97.14286041,96.19047546,96.19047546,95.7142868,93.80952454,94.81131744
Sri Lanka,LKA,Control of Corruption: Percentile Rank,CC.PER.RNK,,,,,,,,,,,,,,,,,,,,,,,,,,,,,,,,,,,,,54.30107498,,53.47593689,,50,,50.26454926,47.61904907,50.73891449,46.82926941,51.21951294,52.91262054,50.48543549,42.5837326,41.90476227,42.65402985,50.23696518,52.13270187,45.67307663,43.33333206,44.2857132,39.52381134,42.38095093,44.2857132,43.80952454,42.8571434,40.09434128
Lower middle income,LMC,Control of Corruption: Percentile Rank,CC.PER.RNK,,,,,,,,,,,,,,,,,,,,,,,,,,,,,,,,,,,,,,,,,,,,,,,,,,,,,,,,,,,,,,,
Low & middle income,LMY,Control of Corruption: Percentile Rank,CC.PER.RNK,,,,,,,,,,,,,,,,,,,,,,,,,,,,,,,,,,,,,,,,,,,,,,,,,,,,,,,,,,,,,,,
Lesotho,LSO,Control of Corruption: Percentile Rank,CC.PER.RNK,,,,,,,,,,,,,,,,,,,,,,,,,,,,,,,,,,,,,59.67741776,,52.94117737,,52.6595726,,50.79365158,52.38095093,53.20196915,57.56097412,57.07316971,55.3398056,59.22330093,63.15789413,62.8571434,62.55924225,60.66350555,63.98104095,61.53845978,56.66666794,55.23809433,55.23809433,51.90476227,51.42856979,49.04761887,43.33333206,41.98113251
Late-demographic dividend,LTE,Control of Corruption: Percentile Rank,CC.PER.RNK,,,,,,,,,,,,,,,,,,,,,,,,,,,,,,,,,,,,,,,,,,,,,,,,,,,,,,,,,,,,,,,
Lithuania,LTU,Control of Corruption: Percentile Rank,CC.PER.RNK,,,,,,,,,,,,,,,,,,,,,,,,,,,,,,,,,,,,,68.27957153,,63.63636398,,67.02127838,,61.90476227,68.25396729,66.99507141,64.39024353,59.51219559,58.73786545,60.67961121,65.07176971,68.57142639,67.29857635,68.2464447,67.77251434,70.19230652,70,72.85713959,67.61904907,66.66666412,73.80952454,78.57142639,79.52381134,76.41509247
Luxembourg,LUX,Control of Corruption: Percentile Rank,CC.PER.RNK,,,,,,,,,,,,,,,,,,,,,,,,,,,,,,,,,,,,,94.62365723,,93.58288574,,94.14893341,,95.23809814,91.53439331,93.10344696,92.68292999,94.14633942,94.17475891,95.14562988,94.73683929,95.7142868,98.10426331,96.6824646,97.15639496,96.63461304,97.14286041,97.61904907,96.19047546,97.14286041,97.61904907,96.66666412,96.19047546,96.22641754
Latvia,LVA,Control of Corruption: Percentile Rank,CC.PER.RNK,,,,,,,,,,,,,,,,,,,,,,,,,,,,,,,,,,,,,50,,60.42780685,,56.9148941,,57.1428566,62.9629631,59.60591125,65.85366058,68.29268646,68.44660187,63.10679626,64.59329987,63.33333206,65.40284729,64.45497894,66.824646,66.82691956,65.23809814,64.76190186,66.66666412,62.38095093,66.66666412,74.76190186,76.19047546,75.47169495
"Macao SAR, China",MAC,Control of Corruption: Percentile Rank,CC.PER.RNK,,,,,,,,,,,,,,,,,,,,,,,,,,,,,,,,,,,,,69.35483551,,67.37967682,,68.0851059,,54.4973526,79.36508179,90.64039612,70.24390411,66.82926941,71.35922241,69.41747284,62.20095825,69.52381134,69.66824341,69.19431305,70.1421814,77.88461304,68.57142639,77.14286041,70.95237732,74.76190186,72.85713959,77.61904907,79.04762268,79.71697998
St. Martin (French part),MAF,Control of Corruption: Percentile Rank,CC.PER.RNK,,,,,,,,,,,,,,,,,,,,,,,,,,,,,,,,,,,,,,,,,,,,,,,,,,,,,,,,,,,,,,,
Morocco,MAR,Control of Corruption: Percentile Rank,CC.PER.RNK,,,,,,,,,,,,,,,,,,,,,,,,,,,,,,,,,,,,,53.22580719,,58.28876877,,47.87234116,,48.14814758,45.5026474,48.76847458,41.95121765,39.02439117,42.23300934,40.29126358,43.54066849,52.38095093,40.28435898,37.44075775,41.7061615,47.11538315,48.09523773,50.47618866,49.04761887,44.76190567,41.42856979,38.57143021,38.57143021,41.50943375
Monaco,MCO,Control of Corruption: Percentile Rank,CC.PER.RNK,,,,,,,,,,,,,,,,,,,,,,,,,,,,,,,,,,,,,,,,,,,,,,,,,,,,,,,,92.85713959,92.85713959,93.80952454,93.33333588,94.2857132,88.57142639,88.57142639,88.679245
Moldova,MDA,Control of Corruption: Percentile Rank,CC.PER.RNK,,,,,,,,,,,,,,,,,,,,,,,,,,,,,,,,,,,,,39.78494644,,42.78075027,,34.57446671,,17.98941803,21.16402054,14.77832508,30.24390221,31.70731735,29.61165047,33.0097084,26.79425812,29.04761887,30.80568695,31.7535553,23.69668198,21.15384674,18.09523773,14.76190472,21.4285717,25.7142849,30,31.90476227,35.23809433,42.92453003
Madagascar,MDG,Control of Corruption: Percentile Rank,CC.PER.RNK,,,,,,,,,,,,,,,,,,,,,,,,,,,,,,,,,,,,,44.08602142,,35.8288765,,40.95744705,,56.61375809,50.26454926,44.3349762,55.12195206,51.70731735,51.94174576,49.02912521,46.88995361,42.38095093,38.86256027,29.38388634,23.22274971,21.63461494,20,16.19047546,13.33333302,14.76190472,14.76190472,16.66666603,18.5714283,17.92452812
Maldives,MDV,Control of Corruption: Percentile Rank,CC.PER.RNK,,,,,,,,,,,,,,,,,,,,,,,,,,,,,,,,,,,,,46.77419281,,48.12834167,,47.3404274,,52.38095093,57.1428566,46.79803085,41.46341324,32.68292618,19.90291214,21.35922241,28.7081337,36.66666794,35.0710907,27.96208572,25.11848259,44.71154022,38.57143021,31.4285717,22.38095284,18.09523773,46.66666794,43.33333206,41.42856979,39.62264252
Middle East & North Africa,MEA,Control of Corruption: Percentile Rank,CC.PER.RNK,,,,,,,,,,,,,,,,,,,,,,,,,,,,,,,,,,,,,,,,,,,,,,,,,,,,,,,,,,,,,,,
Mexico,MEX,Control of Corruption: Percentile Rank,CC.PER.RNK,,,,,,,,,,,,,,,,,,,,,,,,,,,,,,,,,,,,,36.02150726,,43.8502655,,54.78723526,,47.61904907,48.67724991,41.87192154,45.85365677,43.90243912,45.63106918,45.63106918,44.49760818,40.47618866,39.33649445,37.91469193,34.59715652,22.11538506,19.52380943,20.47619057,16.19047546,16.66666603,18.09523773,19.52380943,17.61904716,17.45282936
Marshall Islands,MHL,Control of Corruption: Percentile Rank,CC.PER.RNK,,,,,,,,,,,,,,,,,,,,,,,,,,,,,,,,,,,,,,,,,,,,,,47.80487823,31.21951294,20.87378693,25.72815514,27.27272797,25.23809433,48.81516647,51.6587677,58.2938385,56.25,72.85713959,74.76190186,77.61904907,64.76190186,64.76190186,66.19047546,64.76190186,64.15093994
Middle income,MIC,Control of Corruption: Percentile Rank,CC.PER.RNK,,,,,,,,,,,,,,,,,,,,,,,,,,,,,,,,,,,,,,,,,,,,,,,,,,,,,,,,,,,,,,,
North Macedonia,MKD,Control of Corruption: Percentile Rank,CC.PER.RNK,,,,,,,,,,,,,,,,,,,,,,,,,,,,,,,,,,,,,32.25806427,,34.22459793,,33.51063919,,25.39682579,30.68782997,34.48275757,40,40.48780441,41.74757385,51.94174576,53.58851624,54.76190567,54.9763031,55.92417145,56.39810562,55.28845978,49.52381134,46.66666794,43.80952454,40.95238113,36.66666794,34.76190567,41.90476227,43.86792374
Mali,MLI,Control of Corruption: Percentile Rank,CC.PER.RNK,,,,,,,,,,,,,,,,,,,,,,,,,,,,,,,,,,,,,25.8064518,,25.13368988,,23.40425491,,30.68782997,26.98412704,29.55665016,39.02439117,38.53658676,38.34951401,35.43689346,27.75119591,28.5714283,28.4360199,22.27488136,22.27488136,26.44230843,27.61904716,29.52380943,29.04761887,26.66666603,26.66666603,24.2857151,20,21.22641563
Malta,MLT,Control of Corruption: Percentile Rank,CC.PER.RNK,,,,,,,,,,,,,,,,,,,,,,,,,,,,,,,,,,,,,71.50537872,,70.58823395,,81.9148941,,77.24868011,80.42327881,77.8325119,78.04878235,80.48780823,81.06796265,80.58252716,73.68421173,74.76190186,72.98577881,78.67298889,80.56871796,78.36538696,77.61904907,73.80952454,74.76190186,70,60.47618866,62.8571434,62.8571434,61.79245377
Myanmar,MMR,Control of Corruption: Percentile Rank,CC.PER.RNK,,,,,,,,,,,,,,,,,,,,,,,,,,,,,,,,,,,,,1.612903237,,2.139037371,,1.595744729,,3.174603224,1.587301612,0.492610842,0.48780489,0.48780489,0.485436887,0.970873773,0.478468895,0.476190478,0.947867274,13.74407578,16.11374474,20.19230843,21.4285717,31.90476227,32.38095093,30,29.52380943,27.1428566,15.71428585,12.73584938
Middle East & North Africa (excluding high income),MNA,Control of Corruption: Percentile Rank,CC.PER.RNK,,,,,,,,,,,,,,,,,,,,,,,,,,,,,,,,,,,,,,,,,,,,,,,,,,,,,,,,,,,,,,,
Montenegro,MNE,Control of Corruption: Percentile Rank,CC.PER.RNK,,,,,,,,,,,,,,,,,,,,,,,,,,,,,,,,,,,,,,,68.98395538,,51.59574509,,51.85185242,42.32804108,36.45320129,45.36585236,40.97560883,42.71844482,50,51.19617081,50,52.60663605,54.50236893,48.3412323,54.80769348,52.8571434,54.76190567,53.80952454,56.19047546,54.76190567,54.2857132,52.8571434,50.94339752
Mongolia,MNG,Control of Corruption: Percentile Rank,CC.PER.RNK,,,,,,,,,,,,,,,,,,,,,,,,,,,,,,,,,,,,,60.75268936,,58.82352829,,46.27659607,,57.67195892,49.20634842,47.78325272,33.658535,33.658535,32.03883362,30.58252335,24.4019146,24.76190567,25.11848259,35.0710907,38.86256027,38.46154022,37.1428566,36.19047546,40.95238113,39.52381134,37.1428566,34.2857132,33.33333206,33.01886749
Northern Mariana Islands,MNP,Control of Corruption: Percentile Rank,CC.PER.RNK,,,,,,,,,,,,,,,,,,,,,,,,,,,,,,,,,,,,,,,,,,,,,,,,,,,,,,,,,,,,,,,
Mozambique,MOZ,Control of Corruption: Percentile Rank,CC.PER.RNK,,,,,,,,,,,,,,,,,,,,,,,,,,,,,,,,,,,,,40.86021423,,43.3155098,,37.23404312,,38.62434006,32.80423355,30.54187202,37.07316971,32.19512177,36.89320374,37.86407852,40.66985703,40.95238113,38.3886261,34.59715652,34.12322235,29.32692337,24.76190567,17.1428566,19.04761887,23.80952454,22.38095284,24.76190567,22.8571434,21.69811249
Mauritania,MRT,Control of Corruption: Percentile Rank,CC.PER.RNK,,,,,,,,,,,,,,,,,,,,,,,,,,,,,,,,,,,,,34.40860367,,36.89839554,,39.89361572,,52.91005325,57.67195892,42.36453247,36.5853653,25.85365868,33.98058319,23.30097008,31.57894707,25.7142849,29.38388634,23.69668198,21.80094719,16.82692337,17.61904716,25.23809433,24.2857151,23.33333397,21.90476227,23.33333397,21.90476227,23.11320686
Mauritius,MUS,Control of Corruption: Percentile Rank,CC.PER.RNK,,,,,,,,,,,,,,,,,,,,,,,,,,,,,,,,,,,,,58.06451797,,60.96256638,,61.70212936,,66.66666412,61.37565994,59.11330032,60.97560883,63.90243912,69.41747284,70.38835144,70.81340027,71.42857361,70.61611176,64.9289093,63.5071106,64.90384674,61.42856979,59.52381134,60,60,60,65.23809814,65.23809814,65.56604004
Malawi,MWI,Control of Corruption: Percentile Rank,CC.PER.RNK,,,,,,,,,,,,,,,,,,,,,,,,,,,,,,,,,,,,,47.31182861,,49.19786072,,48.93616867,,14.81481457,26.45502663,25.12315178,27.31707382,36.09756088,35.92232895,38.34951401,41.14832687,38.57143021,41.23222733,38.86256027,32.70142365,25,23.80952454,23.80952454,28.09523773,24.76190567,25.23809433,40,44.76190567,30.18867874
Malaysia,MYS,Control of Corruption: Percentile Rank,CC.PER.RNK,,,,,,,,,,,,,,,,,,,,,,,,,,,,,,,,,,,,,66.12903595,,65.77539825,,63.82978821,,64.02116394,67.19577026,64.53202057,59.51219559,62.43902588,60.67961121,54.85437012,55.50239182,60.95238113,57.81990433,63.5071106,67.29857635,66.34615326,60.47618866,57.61904907,55.7142868,62.8571434,60.95238113,60.47618866,59.04761887,62.26415253
North America,NAC,Control of Corruption: Percentile Rank,CC.PER.RNK,,,,,,,,,,,,,,,,,,,,,,,,,,,,,,,,,,,,,,,,,,,,,,,,,,,,,,,,,,,,,,,
Namibia,NAM,Control of Corruption: Percentile Rank,CC.PER.RNK,,,,,,,,,,,,,,,,,,,,,,,,,,,,,,,,,,,,,76.8817215,,75.93582916,,76.59574127,,59.25925827,60.84656143,58.62068939,59.02439117,61.46341324,66.50485229,73.78640747,66.02870941,66.66666412,64.9289093,66.824646,66.35070801,62.5,63.33333206,62.38095093,62.8571434,63.33333206,62.8571434,61.90476227,61.42856979,60.84905624
New Caledonia,NCL,Control of Corruption: Percentile Rank,CC.PER.RNK,,,,,,,,,,,,,,,,,,,,,,,,,,,,,,,,,,,,,,,,,,,,,,,,,,,,,,,,,,,,,,,
Niger,NER,Control of Corruption: Percentile Rank,CC.PER.RNK,,,,,,,,,,,,,,,,,,,,,,,,,,,,,,,,,,,,,20.96774101,,14.97326183,,19.14893532,,15.34391499,17.98941803,21.18226624,26.34146309,20.97560883,25.72815514,27.18446541,31.10047913,30,27.96208572,31.27962112,33.175354,27.88461494,28.5714283,30.47619057,27.1428566,31.90476227,31.4285717,28.09523773,31.4285717,31.13207626
Nigeria,NGA,Control of Corruption: Percentile Rank,CC.PER.RNK,,,,,,,,,,,,,,,,,,,,,,,,,,,,,,,,,,,,,8.602150917,,10.16042805,,3.191489458,,0.529100537,4.232804298,4.92610836,11.70731735,10.73170757,13.10679626,18.93203926,16.74641228,15.23809528,10.42654037,10.90047359,9.478672981,7.692307472,12.85714245,13.33333302,12.38095284,12.38095284,12.38095284,13.80952358,14.28571415,14.62264156
Nicaragua,NIC,Control of Corruption: Percentile Rank,CC.PER.RNK,,,,,,,,,,,,,,,,,,,,,,,,,,,,,,,,,,,,,33.87096786,,20.85561562,,20.7446804,,39.15343857,37.0370369,38.42364502,32.68292618,29.26829338,25.24271774,24.75728226,25.35885239,23.80952454,24.17061615,24.17061615,26.06635094,19.23077011,18.5714283,18.09523773,18.09523773,14.28571415,15.71428585,11.4285717,9.523809433,7.547169685
Netherlands,NLD,Control of Corruption: Percentile Rank,CC.PER.RNK,,,,,,,,,,,,,,,,,,,,,,,,,,,,,,,,,,,,,96.77419281,,97.32620239,,96.80850983,,96.29629517,95.76719666,95.56650543,96.0975647,96.0975647,97.08737946,96.60194397,97.60765839,97.61904907,96.6824646,96.20853424,96.20853424,95.67308044,94.2857132,94.76190186,92.38095093,95.23809814,95.7142868,96.19047546,97.14286041,96.69811249
Norway,NOR,Control of Corruption: Percentile Rank,CC.PER.RNK,,,,,,,,,,,,,,,,,,,,,,,,,,,,,,,,,,,,,98.38710022,,98.39572144,,96.27659607,,96.82539368,96.29629517,95.07389069,96.5853653,97.07317352,94.6601944,94.6601944,95.21530914,97.14286041,97.63033295,98.57820129,99.05213165,99.03845978,99.04762268,98.57142639,99.52381134,97.61904907,97.14286041,97.61904907,98.09523773,98.11320496
Nepal,NPL,Control of Corruption: Percentile Rank,CC.PER.RNK,,,,,,,,,,,,,,,,,,,,,,,,,,,,,,,,,,,,,31.72043037,,34.75935745,,36.70212936,,40.2116394,34.92063522,18.22660065,23.90243912,28.78048706,23.30097008,21.84465981,26.31579018,27.1428566,23.22274971,22.74881554,28.90995216,33.17307663,32.38095093,22.38095284,23.80952454,27.1428566,27.1428566,29.04761887,32.38095093,33.96226501
Nauru,NRU,Control of Corruption: Percentile Rank,CC.PER.RNK,,,,,,,,,,,,,,,,,,,,,,,,,,,,,,,,,,,,,,,,,,,,,,,,44.6601944,45.14562988,42.10526276,57.1428566,55.92417145,58.76777267,30.80568695,37.98077011,67.14286041,70,68.57142639,68.09523773,68.57142639,70.47618866,71.42857361,71.69811249
New Zealand,NZL,Control of Corruption: Percentile Rank,CC.PER.RNK,,,,,,,,,,,,,,,,,,,,,,,,,,,,,,,,,,,,,97.84946442,,97.86096191,,97.87233734,,98.41269684,98.94179535,99.01477814,98.53658295,99.02439117,99.02912903,98.54368591,99.52153015,99.52381134,99.52606964,99.52606964,99.52606964,99.5192337,100,100,100,99.04762268,100,98.57142639,99.04762268,99.05660248
OECD members,OED,Control of Corruption: Percentile Rank,CC.PER.RNK,,,,,,,,,,,,,,,,,,,,,,,,,,,,,,,,,,,,,,,,,,,,,,,,,,,,,,,,,,,,,,,
Oman,OMN,Control of Corruption: Percentile Rank,CC.PER.RNK,,,,,,,,,,,,,,,,,,,,,,,,,,,,,,,,,,,,,67.74193573,,74.86631012,,76.06382751,,80.95237732,73.54497528,73.39901733,67.31707001,67.31707001,68.93203735,72.33009338,67.46411133,67.14286041,62.08530807,62.55924225,62.08530807,63.94230652,61.90476227,63.80952454,61.42856979,60.47618866,65.7142868,60,58.09523773,57.54716873
Other small states,OSS,Control of Corruption: Percentile Rank,CC.PER.RNK,,,,,,,,,,,,,,,,,,,,,,,,,,,,,,,,,,,,,,,,,,,,,,,,,,,,,,,,,,,,,,,
Pakistan,PAK,Control of Corruption: Percentile Rank,CC.PER.RNK,,,,,,,,,,,,,,,,,,,,,,,,,,,,,,,,,,,,,7.526881695,,13.36898422,,22.87234116,,20.1058197,24.33862495,10.83743858,14.63414669,22.43902397,21.84465981,19.41747665,13.87559795,13.80952358,15.16587639,14.21800995,17.06161118,23.07692337,22.38095284,17.61904716,21.90476227,24.2857151,20.95238113,21.90476227,23.33333397,22.64151001
Panama,PAN,Control of Corruption: Percentile Rank,CC.PER.RNK,,,,,,,,,,,,,,,,,,,,,,,,,,,,,,,,,,,,,50.5376358,,51.87165833,,45.74468231,,44.97354507,43.38624191,45.81280899,42.92683029,41.95121765,46.11650467,54.36893082,47.36841965,43.80952454,44.07582855,44.07582855,43.60189438,43.75,41.90476227,32.8571434,31.4285717,30.47619057,30.47619057,30,30.47619057,28.77358437
Peru,PER,Control of Corruption: Percentile Rank,CC.PER.RNK,,,,,,,,,,,,,,,,,,,,,,,,,,,,,,,,,,,,,41.93548203,,41.17647171,,43.0851059,,46.03174591,53.43915176,38.91625595,44.39024353,48.78048706,49.51456451,52.42718506,45.93301392,50.47618866,51.6587677,43.12796021,39.8104248,31.73077011,31.90476227,40.95238113,35.23809433,31.4285717,34.2857132,32.8571434,28.5714283,22.16981125
Philippines,PHL,Control of Corruption: Percentile Rank,CC.PER.RNK,,,,,,,,,,,,,,,,,,,,,,,,,,,,,,,,,,,,,45.69892502,,44.38502502,,37.76595688,,37.0370369,33.86243439,28.07881737,30.73170662,20,23.78640747,23.78640747,23.44497681,22.8571434,26.54028511,34.12322235,44.07582855,41.34615326,38.09523773,35.7142868,38.57143021,32.8571434,30.95238113,33.33333206,33.80952454,33.49056625
Palau,PLW,Control of Corruption: Percentile Rank,CC.PER.RNK,,,,,,,,,,,,,,,,,,,,,,,,,,,,,,,,,,,,,,,,,,,,,,,,,45.14562988,42.10526276,38.09523773,36.4928894,41.7061615,30.80568695,37.98077011,67.14286041,70,68.57142639,68.09523773,68.57142639,70.47618866,71.42857361,71.69811249
Papua New Guinea,PNG,Control of Corruption: Percentile Rank,CC.PER.RNK,,,,,,,,,,,,,,,,,,,,,,,,,,,,,,,,,,,,,40.32258224,,31.01604271,,28.19149017,,21.16402054,23.80952454,15.76354694,13.17073154,10.24390221,11.65048504,9.708738327,6.220095634,15.71428585,16.11374474,18.48341179,17.53554535,17.78846169,16.19047546,15.71428585,17.1428566,20,16.66666603,29.52380943,24.76190567,25.47169876
Poland,POL,Control of Corruption: Percentile Rank,CC.PER.RNK,,,,,,,,,,,,,,,,,,,,,,,,,,,,,,,,,,,,,75.80644989,,77.54010773,,73.40425873,,68.7830658,69.84127045,58.12807846,61.95121765,63.4146347,63.59223175,70.87378693,70.33493042,71.90476227,71.5639801,72.98577881,72.98577881,72.59615326,74.76190186,75.7142868,74.2857132,73.33333588,71.42857361,72.38095093,68.09523773,68.39622498
Pre-demographic dividend,PRE,Control of Corruption: Percentile Rank,CC.PER.RNK,,,,,,,,,,,,,,,,,,,,,,,,,,,,,,,,,,,,,,,,,,,,,,,,,,,,,,,,,,,,,,,
Puerto Rico,PRI,Control of Corruption: Percentile Rank,CC.PER.RNK,,,,,,,,,,,,,,,,,,,,,,,,,,,,,,,,,,,,,69.35483551,,67.37967682,,81.38298035,,87.83068848,88.35978699,86.69950867,88.29268646,71.70731354,70.38835144,67.96116638,71.29186249,70.47618866,69.19431305,70.61611176,69.66824341,67.78845978,58.57143021,56.66666794,59.04761887,56.66666794,55.23809433,55.23809433,63.80952454,58.49056625
"Korea, Dem. People's Rep.",PRK,Control of Corruption: Percentile Rank,CC.PER.RNK,,,,,,,,,,,,,,,,,,,,,,,,,,,,,,,,,,,,,4.838709831,,5.347593784,,3.723404169,,13.75661373,3.703703642,4.433497429,8.292682648,2.439024448,1.45631063,1.941747546,4.78468895,5.238095284,4.265402794,6.161137581,6.635071278,7.211538315,9.047618866,5.714285851,4.285714149,1.90476191,1.90476191,1.428571463,2.380952358,2.358490467
Portugal,PRT,Control of Corruption: Percentile Rank,CC.PER.RNK,,,,,,,,,,,,,,,,,,,,,,,,,,,,,,,,,,,,,89.24731445,,85.02674103,,84.57447052,,85.18518829,83.06878662,84.72906494,81.46341705,80.97560883,81.55339813,81.55339813,81.8181839,81.42857361,81.5165863,79.62084961,78.67298889,79.32691956,78.09523773,78.57142639,79.52381134,79.04762268,76.66666412,76.66666412,77.14286041,75.94339752
Paraguay,PRY,Control of Corruption: Percentile Rank,CC.PER.RNK,,,,,,,,,,,,,,,,,,,,,,,,,,,,,,,,,,,,,10.21505356,,2.673796892,,1.06382978,,2.645502567,3.174603224,3.940886736,4.878048897,9.756097794,7.766990185,16.5048542,22.96650696,26.66666603,25.59241676,21.32701492,14.21800995,15.38461494,14.76190472,24.76190567,24.76190567,19.04761887,19.52380943,21.4285717,16.66666603,15.09433937
West Bank and Gaza,PSE,Control of Corruption: Percentile Rank,CC.PER.RNK,,,,,,,,,,,,,,,,,,,,,,,,,,,,,,,,,,,,,59.13978577,,55.08021545,,54.25531769,,45.5026474,44.44444275,55.17241287,39.51219559,45.36585236,53.88349533,39.32038879,55.02392197,54.2857132,39.8104248,49.76303482,49.76303482,48.55769348,37.61904907,50.95238113,54.76190567,48.57143021,40.95238113,30.47619057,25.23809433,25
Pacific island small states,PSS,Control of Corruption: Percentile Rank,CC.PER.RNK,,,,,,,,,,,,,,,,,,,,,,,,,,,,,,,,,,,,,,,,,,,,,,,,,,,,,,,,,,,,,,,
Post-demographic dividend,PST,Control of Corruption: Percentile Rank,CC.PER.RNK,,,,,,,,,,,,,,,,,,,,,,,,,,,,,,,,,,,,,,,,,,,,,,,,,,,,,,,,,,,,,,,
French Polynesia,PYF,Control of Corruption: Percentile Rank,CC.PER.RNK,,,,,,,,,,,,,,,,,,,,,,,,,,,,,,,,,,,,,,,,,,,,,,,,,,,,,,,,,,,,,,,
Qatar,QAT,Control of Corruption: Percentile Rank,CC.PER.RNK,,,,,,,,,,,,,,,,,,,,,,,,,,,,,,,,,,,,,54.83871078,,67.91443634,,69.6808548,,75.13227844,71.95767212,70.93595886,72.68292999,78.53658295,73.78640747,79.12621307,91.38755798,89.04762268,80.0947876,81.04265594,81.5165863,80.28845978,77.14286041,79.04762268,73.80952454,75.23809814,78.57142639,77.14286041,78.09523773,79.24528503
Romania,ROU,Control of Corruption: Percentile Rank,CC.PER.RNK,,,,,,,,,,,,,,,,,,,,,,,,,,,,,,,,,,,,,39.24731064,,33.15507889,,38.29787064,,40.74074173,42.8571434,44.82758713,48.78048706,49.26829147,51.45631027,52.91262054,48.80382919,45.23809433,45.97156525,44.54976273,47.86729813,51.92307663,51.90476227,51.42856979,51.42856979,48.09523773,47.61904907,51.42856979,51.42856979,55.6603775
Russian Federation,RUS,Control of Corruption: Percentile Rank,CC.PER.RNK,,,,,,,,,,,,,,,,,,,,,,,,,,,,,,,,,,,,,15.05376339,,21.39037514,,20.21276665,,20.63492012,25.39682579,23.64532089,21.46341515,19.02439117,16.5048542,12.13592243,11.00478458,13.33333302,15.63981056,15.16587639,15.63981056,17.30769157,15.71428585,21.4285717,16.66666603,19.52380943,23.80952454,19.04761887,19.52380943,19.3396225
Rwanda,RWA,Control of Corruption: Percentile Rank,CC.PER.RNK,,,,,,,,,,,,,,,,,,,,,,,,,,,,,,,,,,,,,26.88171959,,29.94652367,,30.85106468,,31.74603081,35.44973373,40.39408875,31.70731735,49.75609589,57.28155518,60.19417572,60.76554871,68.09523773,68.2464447,71.5639801,72.03791809,75.4807663,70.47618866,70.47618866,71.42857361,69.04762268,67.14286041,67.61904907,70,70.28302002
South Asia,SAS,Control of Corruption: Percentile Rank,CC.PER.RNK,,,,,,,,,,,,,,,,,,,,,,,,,,,,,,,,,,,,,,,,,,,,,,,,,,,,,,,,,,,,,,,
Saudi Arabia,SAU,Control of Corruption: Percentile Rank,CC.PER.RNK,,,,,,,,,,,,,,,,,,,,,,,,,,,,,,,,,,,,,51.07526779,,48.6631012,,50.53191376,,60.84656143,52.91005325,46.30541992,54.14634323,50.73170853,52.42718506,57.28155518,57.89473724,59.52381134,47.86729813,56.87203979,57.34597015,59.61538315,56.19047546,61.42856979,63.33333206,63.80952454,62.38095093,61.42856979,62.38095093,63.679245
Sudan,SDN,Control of Corruption: Percentile Rank,CC.PER.RNK,,,,,,,,,,,,,,,,,,,,,,,,,,,,,,,,,,,,,6.989247322,,12.8342247,,14.89361668,,12.16931248,7.407407284,9.359605789,3.902439117,9.268292427,4.368932247,2.91262126,10.52631569,8.571428299,9.004739761,0.473933637,0.473933637,3.365384579,3.333333254,3.333333254,2.857142925,6.190476418,6.666666508,6.666666508,8.095237732,6.603773594
Senegal,SEN,Control of Corruption: Percentile Rank,CC.PER.RNK,,,,,,,,,,,,,,,,,,,,,,,,,,,,,,,,,,,,,52.1505394,,52.40641785,,53.72340393,,64.55026245,53.96825409,56.15763474,55.60975647,41.46341324,36.40776825,37.37863922,37.32057571,30.47619057,37.91469193,49.28910065,53.08057022,58.65384674,57.61904907,56.19047546,52.8571434,55.23809433,55.7142868,55.7142868,57.1428566,53.77358627
Singapore,SGP,Control of Corruption: Percentile Rank,CC.PER.RNK,,,,,,,,,,,,,,,,,,,,,,,,,,,,,,,,,,,,,97.31182861,,96.79144287,,97.34042358,,98.94179535,97.88359833,98.52217102,98.04878235,98.04878235,98.05825043,98.05825043,98.08612061,98.57142639,97.15639496,97.15639496,96.6824646,96.15384674,96.66666412,97.14286041,97.61904907,98.57142639,99.04762268,99.04762268,98.57142639,98.58490753
Solomon Islands,SLB,Control of Corruption: Percentile Rank,CC.PER.RNK,,,,,,,,,,,,,,,,,,,,,,,,,,,,,,,,,,,,,65.05376434,,65.24063873,,61.17021179,,61.37565994,61.90476227,54.18719101,58.04878235,50.24390411,43.20388412,43.20388412,49.28229523,45.7142868,45.0236969,45.0236969,42.65402985,49.51922989,45.7142868,42.8571434,58.09523773,55.7142868,53.33333206,58.57143021,49.52381134,49.05660248
Sierra Leone,SLE,Control of Corruption: Percentile Rank,CC.PER.RNK,,,,,,,,,,,,,,,,,,,,,,,,,,,,,,,,,,,,,26.34408569,,30.48128319,,30.31914902,,27.51322746,19.57671928,21.67487717,13.65853691,16.5853653,19.41747665,16.9902916,18.66028786,23.33333397,20.85308075,17.53554535,19.9052124,15.86538506,22.8571434,20.95238113,32.8571434,35.7142868,36.19047546,39.52381134,36.19047546,32.54716873
El Salvador,SLV,Control of Corruption: Percentile Rank,CC.PER.RNK,,,,,,,,,,,,,,,,,,,,,,,,,,,,,,,,,,,,,21.50537682,,25.6684494,,29.78723335,,25.92592621,41.79894257,35.96059036,38.53658676,42.92683029,38.83495331,41.26213455,50.23923492,49.52381134,51.18483353,42.65402985,45.49763107,43.26922989,41.42856979,33.33333206,37.1428566,32.38095093,33.80952454,30.95238113,32.8571434,27.83018875
San Marino,SMR,Control of Corruption: Percentile Rank,CC.PER.RNK,,,,,,,,,,,,,,,,,,,,,,,,,,,,,,,,,,,,,,,,,,,,,,,,,,,,,,,,85.7142868,87.14286041,86.19047546,86.19047546,87.14286041,88.57142639,88.57142639,88.679245
Somalia,SOM,Control of Corruption: Percentile Rank,CC.PER.RNK,,,,,,,,,,,,,,,,,,,,,,,,,,,,,,,,,,,,,5.376344204,,8.556149483,,5.851063728,,13.22751331,2.116402149,0,0,0,0,0,0,0,0,0,0,0,0.476190478,0.952380955,0.476190478,0,0.476190478,1.90476191,0.952380955,0.471698105
Serbia,SRB,Control of Corruption: Percentile Rank,CC.PER.RNK,,,,,,,,,,,,,,,,,,,,,,,,,,,,,,,,,,,,,11.82795715,,6.41711235,,9.042552948,,23.28042412,39.15343857,35.46797943,42.43902588,46.82926941,45.14562988,47.57281494,48.32535934,47.1428566,49.28910065,45.49763107,46.44549942,50.48077011,46.19047546,42.38095093,41.90476227,40.47618866,37.61904907,37.1428566,35.7142868,35.37735748
Sub-Saharan Africa (excluding high income),SSA,Control of Corruption: Percentile Rank,CC.PER.RNK,,,,,,,,,,,,,,,,,,,,,,,,,,,,,,,,,,,,,,,,,,,,,,,,,,,,,,,,,,,,,,,
South Sudan,SSD,Control of Corruption: Percentile Rank,CC.PER.RNK,,,,,,,,,,,,,,,,,,,,,,,,,,,,,,,,,,,,,,,,,,,,,,,,,,,21.4285717,14.21800995,5.213270187,2.843601942,0.480769217,0,0,0,0.476190478,0,0,0,0
Sub-Saharan Africa,SSF,Control of Corruption: Percentile Rank,CC.PER.RNK,,,,,,,,,,,,,,,,,,,,,,,,,,,,,,,,,,,,,,,,,,,,,,,,,,,,,,,,,,,,,,,
Small states,SST,Control of Corruption: Percentile Rank,CC.PER.RNK,,,,,,,,,,,,,,,,,,,,,,,,,,,,,,,,,,,,,,,,,,,,,,,,,,,,,,,,,,,,,,,
Sao Tome and Principe,STP,Control of Corruption: Percentile Rank,CC.PER.RNK,,,,,,,,,,,,,,,,,,,,,,,,,,,,,,,,,,,,,66.66666412,,66.31015778,,64.89361572,,63.49206161,54.4973526,36.94581223,35.60975647,47.80487823,48.54368973,48.05825424,52.63158035,51.42856979,54.02843475,54.02843475,54.02843475,57.21154022,55.23809433,54.2857132,59.52381134,59.52381134,59.04761887,59.04761887,60.47618866,62.73584747
Suriname,SUR,Control of Corruption: Percentile Rank,CC.PER.RNK,,,,,,,,,,,,,,,,,,,,,,,,,,,,,,,,,,,,,61.29032135,,62.56684494,,68.61701965,,65.07936859,66.66666412,61.57635498,60,55.12195206,56.79611588,56.79611588,49.76076508,46.66666794,49.76303482,46.44549942,48.81516647,40.38461685,49.04761887,44.76190567,48.57143021,46.19047546,39.04761887,36.19047546,39.04761887,39.15094376
Slovak Republic,SVK,Control of Corruption: Percentile Rank,CC.PER.RNK,,,,,,,,,,,,,,,,,,,,,,,,,,,,,,,,,,,,,62.90322495,,57.21924973,,62.23404312,,56.08465576,65.6084671,65.51724243,68.29268646,69.26829529,64.56311035,65.04854584,65.55023956,63.80952454,63.98104095,59.71564102,59.24170685,60.09615326,59.52381134,60.47618866,58.57143021,61.42856979,59.52381134,64.2857132,60,60.37735748
Slovenia,SVN,Control of Corruption: Percentile Rank,CC.PER.RNK,,,,,,,,,,,,,,,,,,,,,,,,,,,,,,,,,,,,,81.72042847,,84.49198151,,77.12766266,,76.71957397,79.8941803,83.25122833,80,81.95121765,80.58252716,79.61164856,80.8612442,79.04762268,79.14691925,76.7772522,74.40758514,74.5192337,75.7142868,76.19047546,78.09523773,79.52381134,80,78.09523773,75.23809814,78.30188751
Sweden,SWE,Control of Corruption: Percentile Rank,CC.PER.RNK,,,,,,,,,,,,,,,,,,,,,,,,,,,,,,,,,,,,,98.92472839,,98.93048096,,98.93617249,,97.88359833,97.35449982,97.53694916,97.56097412,98.53658295,98.54368591,97.57281494,99.0430603,99.04762268,98.57820129,99.05213165,98.57820129,97.59615326,98.09523773,98.09523773,98.09523773,98.09523773,98.09523773,98.09523773,97.61904907,97.64151001
Eswatini,SWZ,Control of Corruption: Percentile Rank,CC.PER.RNK,,,,,,,,,,,,,,,,,,,,,,,,,,,,,,,,,,,,,58.60214996,,56.6844902,,55.31914902,,55.55555725,58.20105743,49.26108551,48.29268265,55.60975647,56.31068039,58.25242615,58.37320709,56.19047546,53.55450058,51.18483353,51.18483353,50,50.47618866,48.09523773,54.2857132,46.66666794,42.8571434,44.76190567,27.1428566,26.88679314
Sint Maarten (Dutch part),SXM,Control of Corruption: Percentile Rank,CC.PER.RNK,,,,,,,,,,,,,,,,,,,,,,,,,,,,,,,,,,,,,,,,,,,,,,,,,,,,,,,,,,,,,,,
Seychelles,SYC,Control of Corruption: Percentile Rank,CC.PER.RNK,,,,,,,,,,,,,,,,,,,,,,,,,,,,,,,,,,,,,72.5806427,,71.65775299,,71.80850983,,75.66137695,75.13227844,71.92118073,66.34146118,66.34146118,67.96116638,73.30097198,72.24880219,72.38095093,72.51184845,72.51184845,71.5639801,70.67308044,82.38095093,81.90476227,80,80,84.2857132,89.52381134,91.90476227,94.3396225
Syrian Arab Republic,SYR,Control of Corruption: Percentile Rank,CC.PER.RNK,,,,,,,,,,,,,,,,,,,,,,,,,,,,,,,,,,,,,19.89247322,,23.52941132,,15.42553234,,42.8571434,24.86772537,22.66009903,20.97560883,18.53658485,16.9902916,13.5922327,16.26794243,12.85714245,13.27014256,10.42654037,8.530805588,1.442307711,1.90476191,1.90476191,2.380952358,1.428571463,1.428571463,0.476190478,0.476190478,0.943396211
Turks and Caicos Islands,TCA,Control of Corruption: Percentile Rank,CC.PER.RNK,,,,,,,,,,,,,,,,,,,,,,,,,,,,,,,,,,,,,,,,,,,,,,,,,,,,,,,,,,,,,,,
Chad,TCD,Control of Corruption: Percentile Rank,CC.PER.RNK,,,,,,,,,,,,,,,,,,,,,,,,,,,,,,,,,,,,,3.225806475,,1.604278088,,2.659574509,,3.703703642,2.645502567,2.955665112,0.975609779,5.365853786,3.398058176,1.45631063,2.392344475,2.380952358,3.791469097,2.369668245,3.317535639,6.25,5.238095284,4.285714149,4.761904716,7.142857075,6.190476418,6.190476418,4.761904716,4.716980934
East Asia & Pacific (IDA & IBRD countries),TEA,Control of Corruption: Percentile Rank,CC.PER.RNK,,,,,,,,,,,,,,,,,,,,,,,,,,,,,,,,,,,,,,,,,,,,,,,,,,,,,,,,,,,,,,,
Europe & Central Asia (IDA & IBRD countries),TEC,Control of Corruption: Percentile Rank,CC.PER.RNK,,,,,,,,,,,,,,,,,,,,,,,,,,,,,,,,,,,,,,,,,,,,,,,,,,,,,,,,,,,,,,,
Togo,TGO,Control of Corruption: Percentile Rank,CC.PER.RNK,,,,,,,,,,,,,,,,,,,,,,,,,,,,,,,,,,,,,24.1935482,,27.27272797,,29.2553196,,30.15872955,19.04761887,19.21182251,20,15.60975647,17.47572899,17.47572899,17.22488022,17.1428566,17.06161118,16.11374474,15.16587639,18.26922989,25.7142849,27.1428566,25.7142849,25.23809433,26.19047546,26.66666603,27.61904716,27.35848999
Thailand,THA,Control of Corruption: Percentile Rank,CC.PER.RNK,,,,,,,,,,,,,,,,,,,,,,,,,,,,,,,,,,,,,45.16128922,,51.3368988,,48.40425491,,44.44444275,51.32275009,48.27586365,50.73170853,40,40.29126358,38.83495331,46.41148376,43.33333206,44.54976273,43.60189438,44.54976273,37.01922989,35.23809433,39.04761887,41.42856979,39.04761887,35.7142868,35.23809433,34.76190567,35.84905624
Tajikistan,TJK,Control of Corruption: Percentile Rank,CC.PER.RNK,,,,,,,,,,,,,,,,,,,,,,,,,,,,,,,,,,,,,5.913978577,,4.812834263,,5.319149017,,6.878306866,8.465608597,7.38916254,12.19512177,16.09756088,15.04854393,9.223300934,6.698564529,4.761904716,7.109004974,6.635071278,7.109004974,12.01923084,11.90476227,11.90476227,8.095237732,6.666666508,9.047618866,8.095237732,6.666666508,6.13207531
Turkmenistan,TKM,Control of Corruption: Percentile Rank,CC.PER.RNK,,,,,,,,,,,,,,,,,,,,,,,,,,,,,,,,,,,,,15.59139824,,15.50802135,,12.76595783,,11.11111069,12.6984129,8.374383926,5.853658676,3.414634228,2.427184582,3.398058176,1.435406685,1.90476191,1.895734549,3.791469097,7.582938194,10.57692337,10.47619057,6.190476418,7.142857075,7.619047642,7.619047642,5.714285851,5.714285851,5.660377502
Latin America & the Caribbean (IDA & IBRD countries),TLA,Control of Corruption: Percentile Rank,CC.PER.RNK,,,,,,,,,,,,,,,,,,,,,,,,,,,,,,,,,,,,,,,,,,,,,,,,,,,,,,,,,,,,,,,
Timor-Leste,TLS,Control of Corruption: Percentile Rank,CC.PER.RNK,,,,,,,,,,,,,,,,,,,,,,,,,,,,,,,,,,,,,,,,,,,49.20634842,48.14814758,43.34975433,34.63414764,33.17073059,30.09708786,31.55339813,22.48803902,24.2857151,22.27488136,27.01421738,27.96208572,36.05769348,35.7142868,34.2857132,34.76190567,36.19047546,40.47618866,42.8571434,50.95238113,46.69811249
Middle East & North Africa (IDA & IBRD countries),TMN,Control of Corruption: Percentile Rank,CC.PER.RNK,,,,,,,,,,,,,,,,,,,,,,,,,,,,,,,,,,,,,,,,,,,,,,,,,,,,,,,,,,,,,,,
Tonga,TON,Control of Corruption: Percentile Rank,CC.PER.RNK,,,,,,,,,,,,,,,,,,,,,,,,,,,,,,,,,,,,,,,,,,,,,57.63546753,5.365853786,3.902439117,14.0776701,29.12621307,28.22966576,47.61904907,46.91942978,47.39336395,49.28910065,49.03845978,40,38.57143021,50,54.2857132,42.38095093,42.38095093,37.1428566,38.20754623
South Asia (IDA & IBRD),TSA,Control of Corruption: Percentile Rank,CC.PER.RNK,,,,,,,,,,,,,,,,,,,,,,,,,,,,,,,,,,,,,,,,,,,,,,,,,,,,,,,,,,,,,,,
Sub-Saharan Africa (IDA & IBRD countries),TSS,Control of Corruption: Percentile Rank,CC.PER.RNK,,,,,,,,,,,,,,,,,,,,,,,,,,,,,,,,,,,,,,,,,,,,,,,,,,,,,,,,,,,,,,,
Trinidad and Tobago,TTO,Control of Corruption: Percentile Rank,CC.PER.RNK,,,,,,,,,,,,,,,,,,,,,,,,,,,,,,,,,,,,,80.64516449,,73.79679108,,64.36170197,,58.20105743,59.25925827,55.6650238,57.07316971,52.68292618,55.82524109,55.3398056,57.4162674,52.8571434,54.50236893,53.55450058,50.23696518,39.42307663,44.2857132,45.23809433,42.8571434,41.90476227,47.1428566,48.09523773,46.19047546,40.56603622
Tunisia,TUN,Control of Corruption: Percentile Rank,CC.PER.RNK,,,,,,,,,,,,,,,,,,,,,,,,,,,,,,,,,,,,,35.48387146,,41.71123123,,44.68085098,,65.6084671,60.31745911,56.65024567,54.63414764,56.5853653,54.36893082,53.39805984,56.93779755,53.80952454,56.87203979,57.34597015,56.87203979,55.76922989,54.2857132,52.8571434,50.95238113,53.33333206,50.95238113,50.95238113,46.66666794,47.64151001
Turkiye,TUR,Control of Corruption: Percentile Rank,CC.PER.RNK,,,,,,,,,,,,,,,,,,,,,,,,,,,,,,,,,,,,,51.61290359,,45.45454407,,46.80850983,,34.92063522,49.73545074,50.24630356,56.09756088,57.56097412,59.22330093,61.16504669,60.28708267,59.04761887,58.76777267,61.6113739,60.66350555,53.84615326,52.38095093,50,48.09523773,42.8571434,43.33333206,41.90476227,39.52381134,34.90565872
Tuvalu,TUV,Control of Corruption: Percentile Rank,CC.PER.RNK,,,,,,,,,,,,,,,,,,,,,,,,,,,,,,,,,,,,,,,,,,,,,76.84729004,53.17073059,54.63414764,50.48543549,51.45631027,52.1531105,49.04761887,50.71089935,45.97156525,43.12796021,57.69230652,55.7142868,58.09523773,57.1428566,57.61904907,65.23809814,66.66666412,73.80952454,73.58490753
Tanzania,TZA,Control of Corruption: Percentile Rank,CC.PER.RNK,,,,,,,,,,,,,,,,,,,,,,,,,,,,,,,,,,,,,29.56989288,,27.80748749,,27.12765884,,24.86772537,28.04232788,33.00492477,33.17073059,48.29268265,47.08737946,40.77669907,39.71291733,35.7142868,33.64928818,26.06635094,22.74881554,25.48077011,27.1428566,34.76190567,40,38.57143021,38.57143021,39.04761887,40,43.39622498
Uganda,UGA,Control of Corruption: Percentile Rank,CC.PER.RNK,,,,,,,,,,,,,,,,,,,,,,,,,,,,,,,,,,,,,27.95698929,,18.71657753,,14.36170197,,14.28571415,17.46031761,24.13793182,21.95121956,23.90243912,20.38834953,20.87378693,19.61722565,18.5714283,18.95734596,17.06161118,13.27014256,12.98076916,13.33333302,12.85714245,13.80952358,13.80952358,11.4285717,16.19047546,16.19047546,16.50943375
Ukraine,UKR,Control of Corruption: Percentile Rank,CC.PER.RNK,,,,,,,,,,,,,,,,,,,,,,,,,,,,,,,,,,,,,13.44085979,,4.278074741,,11.17021275,,9.523809433,16.40211678,16.25615692,24.87804794,24.87804794,21.35922241,19.90291214,15.31100464,16.19047546,14.69194317,12.32227516,10.90047359,14.42307663,13.80952358,19.04761887,20.95238113,17.61904716,24.76190567,22.8571434,24.2857151,29.24528313
Upper middle income,UMC,Control of Corruption: Percentile Rank,CC.PER.RNK,,,,,,,,,,,,,,,,,,,,,,,,,,,,,,,,,,,,,,,,,,,,,,,,,,,,,,,,,,,,,,,
Uruguay,URY,Control of Corruption: Percentile Rank,CC.PER.RNK,,,,,,,,,,,,,,,,,,,,,,,,,,,,,,,,,,,,,82.25806427,,82.88770294,,82.44680786,,82.01058197,82.53968048,81.28078461,81.95121765,83.9024353,88.83495331,89.80582428,84.68899536,85.7142868,87.67772675,88.62559509,89.57346344,89.90384674,89.04762268,89.04762268,88.09523773,86.66666412,88.09523773,89.04762268,91.42857361,91.98113251
United States,USA,Control of Corruption: Percentile Rank,CC.PER.RNK,,,,,,,,,,,,,,,,,,,,,,,,,,,,,,,,,,,,,91.39785004,,91.97860718,,92.02127838,,92.59259033,92.06349182,92.61083984,91.70731354,90.73170471,90.77669525,91.74757385,85.16746521,84.76190186,84.8341217,89.09952545,88.1516571,89.42308044,89.52381134,90,88.57142639,88.09523773,87.61904907,81.90476227,82.85713959,82.54717255
Uzbekistan,UZB,Control of Corruption: Percentile Rank,CC.PER.RNK,,,,,,,,,,,,,,,,,,,,,,,,,,,,,,,,,,,,,12.9032259,,11.22994614,,12.23404217,,19.57671928,18.51851845,13.79310322,9.756097794,17.07317162,15.53398037,14.56310654,5.263157845,4.285714149,2.843601942,4.265402794,8.056872368,9.615385056,8.571428299,10.95238113,11.90476227,12.85714245,15.23809528,15.71428585,22.38095284,24.52830124
St. Vincent and the Grenadines,VCT,Control of Corruption: Percentile Rank,CC.PER.RNK,,,,,,,,,,,,,,,,,,,,,,,,,,,,,,,,,,,,,,,,,,,,,62.56157684,82.43902588,79.51219177,79.12621307,82.5242691,83.73205566,81.90476227,81.99052429,80.0947876,80.0947876,74.03845978,73.33333588,72.38095093,75.23809814,77.14286041,77.14286041,79.04762268,77.61904907,77.35848999
"Venezuela, RB",VEN,Control of Corruption: Percentile Rank,CC.PER.RNK,,,,,,,,,,,,,,,,,,,,,,,,,,,,,,,,,,,,,22.58064461,,22.45989227,,32.97872162,,10.58201027,10.05290985,17.24137878,16.09756088,15.1219511,12.62135887,11.1650486,10.04784679,8.095237732,11.84834099,8.056872368,6.161137581,4.807692528,4.761904716,7.142857075,6.666666508,4.285714149,3.809523821,3.333333254,1.90476191,1.886792421
British Virgin Islands,VGB,Control of Corruption: Percentile Rank,CC.PER.RNK,,,,,,,,,,,,,,,,,,,,,,,,,,,,,,,,,,,,,,,,,,,,,,,,,,,,,,,,,,,,,,,
Virgin Islands (U.S.),VIR,Control of Corruption: Percentile Rank,CC.PER.RNK,,,,,,,,,,,,,,,,,,,,,,,,,,,,,,,,,,,,,,,,,,,,,72.90640259,77.56097412,76.5853653,76.69902802,77.1844635,77.03349304,77.14286041,75.82938385,76.30331421,76.7772522,72.11538696,69.52381134,69.04762268,70,71.90476227,70.47618866,56.66666794,54.76190567,54.71697998
Viet Nam,VNM,Control of Corruption: Percentile Rank,CC.PER.RNK,,,,,,,,,,,,,,,,,,,,,,,,,,,,,,,,,,,,,37.09677505,,38.5026741,,36.17021179,,35.44973373,39.68254089,26.60098457,25.85365868,25.36585426,31.55339813,28.64077759,35.40670013,31.4285717,32.70142365,35.54502487,38.3886261,41.82692337,40.47618866,36.66666794,30.47619057,35.23809433,32.8571434,41.42856979,45.7142868,45.75471878
Vanuatu,VUT,Control of Corruption: Percentile Rank,CC.PER.RNK,,,,,,,,,,,,,,,,,,,,,,,,,,,,,,,,,,,,,62.36559296,,61.4973259,,62.76595688,,62.9629631,64.02116394,52.70935822,63.90243912,60.97560883,63.10679626,66.50485229,67.94258118,65.23809814,66.35070801,67.29857635,64.45497894,68.2692337,53.33333206,53.80952454,56.19047546,49.52381134,45.7142868,47.1428566,53.33333206,53.30188751
World,WLD,Control of Corruption: Percentile Rank,CC.PER.RNK,,,,,,,,,,,,,,,,,,,,,,,,,,,,,,,,,,,,,,,,,,,,,,,,,,,,,,,,,,,,,,,
Samoa,WSM,Control of Corruption: Percentile Rank,CC.PER.RNK,,,,,,,,,,,,,,,,,,,,,,,,,,,,,,,,,,,,,56.45161438,,54.54545593,,56.38298035,,54.4973526,56.08465576,49.75369644,60.48780441,65.85366058,65.53398132,63.59223175,61.7224884,61.90476227,61.6113739,61.13743973,62.55924225,65.38461304,63.80952454,63.33333206,72.85713959,73.80952454,72.38095093,76.19047546,70.47618866,69.81131744
Kosovo,XKX,Control of Corruption: Percentile Rank,CC.PER.RNK,,,,,,,,,,,,,,,,,,,,,,,,,,,,,,,,,,,,,,,,,67.55319214,,68.25396729,38.62434006,45.32019806,38.04878235,37.56097412,27.6699028,32.03883362,32.53588486,31.90476227,32.22748947,30.33175278,31.27962112,36.53845978,34.76190567,40.47618866,38.09523773,33.80952454,33.33333206,35.7142868,43.80952454,47.16981125
"Yemen, Rep.",YEM,Control of Corruption: Percentile Rank,CC.PER.RNK,,,,,,,,,,,,,,,,,,,,,,,,,,,,,,,,,,,,,27.41935539,,17.11229897,,17.02127647,,19.04761887,13.75661373,13.30049229,19.02439117,23.4146347,22.3300972,22.3300972,14.35406685,9.523809433,5.687203884,7.582938194,9.004739761,0.961538434,2.857142925,0.476190478,1.428571463,0.952380955,0.952380955,0.952380955,1.428571463,1.415094376
South Africa,ZAF,Control of Corruption: Percentile Rank,CC.PER.RNK,,,,,,,,,,,,,,,,,,,,,,,,,,,,,,,,,,,,,76.34408569,,72.72727203,,70.21276855,,67.19577026,64.55026245,69.45812988,69.26829529,69.75609589,61.65048599,62.13592148,61.24401855,61.42856979,57.34597015,53.08057022,54.50236893,54.32692337,54.76190567,57.1428566,52.38095093,52.38095093,54.2857132,53.33333206,53.80952454,44.81132126
Zambia,ZMB,Control of Corruption: Percentile Rank,CC.PER.RNK,,,,,,,,,,,,,,,,,,,,,,,,,,,,,,,,,,,,,24.7311821,,26.73796844,,26.59574509,,29.62962914,33.33333206,31.03448296,34.14634323,35.60975647,40.77669907,41.74757385,38.2775116,37.61904907,42.18009567,47.86729813,46.91942978,45.19230652,43.80952454,41.42856979,34.2857132,28.09523773,27.61904716,26.19047546,25.7142849,34.43396378
Zimbabwe,ZWE,Control of Corruption: Percentile Rank,CC.PER.RNK,,,,,,,,,,,,,,,,,,,,,,,,,,,,,,,,,,,,,47.8494606,,37.43315506,,10.63829803,,7.407407284,6.878306866,8.866994858,7.317073345,4.390244007,2.91262126,3.883495092,3.349282265,2.857142925,2.369668245,1.895734549,2.369668245,4.326922894,6.666666508,9.523809433,9.523809433,10,10,10,10,8.490566254
